peptide_id,sequence,target_id,target,target_type,endpoint,value,unit,assay,reference,source,confidence,split,date,notes
P01,FFSLIPSLVGGLISAFK,S_aureus_ATCC29213,Staphylococcus aureus ATCC 29213,Gram+,,,,microdilution,,scaffold,pending,,,
P01,FFSLIPSLVGGLISAFK,S_epidermidis_ATCC12228,Staphylococcus epidermidis ATCC 12228,Gram+,,,,microdilution,,scaffold,pending,,,
P01,FFSLIPSLVGGLISAFK,E_coli_ATCC25922,Escherichia coli ATCC 25922,Gram-,,,,microdilution,,scaffold,pending,,,
P01,FFSLIPSLVGGLISAFK,P_aeruginosa_ATCC27853,Pseudomonas aeruginosa ATCC 27853,Gram-,,,,microdilution,,scaffold,pending,,,
P01,FFSLIPSLVGGLISAFK,Candida_spp,Candida spp.,fungo,,,,microdilution,,scaffold,pending,,,
P01,FFSLIPSLVGGLISAFK,T_cruzi,Trypanosoma cruzi,parasita,,,,microdilution,,scaffold,pending,,,
P01,FFSLIPSLVGGLISAFK,Zika_PE243,Zika virus PE243,vírus envelopado,,,,microdilution,,scaffold,pending,,,
P01,FFSLIPSLVGGLISAFK,HSV1,Herpes simplex virus type 1,vírus envelopado,,,,microdilution,,scaffold,pending,,,
P01,FFSLIPSLVGGLISAFK,cell_normal,célula mamífera normal,mamífero normal,,,,microdilution,,scaffold,pending,,,
P01,FFSLIPSLVGGLISAFK,cell_tumor,célula tumoral,célula tumoral,,,,microdilution,,scaffold,pending,,,
P02,FFSLIPSLVGLISAFK,S_aureus_ATCC29213,Staphylococcus aureus ATCC 29213,Gram+,,,,microdilution,,scaffold,pending,,,
P02,FFSLIPSLVGLISAFK,S_epidermidis_ATCC12228,Staphylococcus epidermidis ATCC 12228,Gram+,,,,microdilution,,scaffold,pending,,,
P02,FFSLIPSLVGLISAFK,E_coli_ATCC25922,Escherichia coli ATCC 25922,Gram-,,,,microdilution,,scaffold,pending,,,
P02,FFSLIPSLVGLISAFK,P_aeruginosa_ATCC27853,Pseudomonas aeruginosa ATCC 27853,Gram-,,,,microdilution,,scaffold,pending,,,
P02,FFSLIPSLVGLISAFK,Candida_spp,Candida spp.,fungo,,,,microdilution,,scaffold,pending,,,
P02,FFSLIPSLVGLISAFK,T_cruzi,Trypanosoma cruzi,parasita,,,,microdilution,,scaffold,pending,,,
P02,FFSLIPSLVGLISAFK,Zika_PE243,Zika virus PE243,vírus envelopado,,,,microdilution,,scaffold,pending,,,
P02,FFSLIPSLVGLISAFK,HSV1,Herpes simplex virus type 1,vírus envelopado,,,,microdilution,,scaffold,pending,,,
P02,FFSLIPSLVGLISAFK,cell_normal,célula mamífera normal,mamífero normal,,,,microdilution,,scaffold,pending,,,
P02,FFSLIPSLVGLISAFK,cell_tumor,célula tumoral,célula tumoral,,,,microdilution,,scaffold,pending,,,
P03,FFSLIPSLVGGLISAFK,S_aureus_ATCC29213,Staphylococcus aureus ATCC 29213,Gram+,,,,microdilution,,scaffold,pending,,,
P03,FFSLIPSLVGGLISAFK,S_epidermidis_ATCC12228,Staphylococcus epidermidis ATCC 12228,Gram+,,,,microdilution,,scaffold,pending,,,
P03,FFSLIPSLVGGLISAFK,E_coli_ATCC25922,Escherichia coli ATCC 25922,Gram-,,,,microdilution,,scaffold,pending,,,
P03,FFSLIPSLVGGLISAFK,P_aeruginosa_ATCC27853,Pseudomonas aeruginosa ATCC 27853,Gram-,,,,microdilution,,scaffold,pending,,,
P03,FFSLIPSLVGGLISAFK,Candida_spp,Candida spp.,fungo,,,,microdilution,,scaffold,pending,,,
P03,FFSLIPSLVGGLISAFK,T_cruzi,Trypanosoma cruzi,parasita,,,,microdilution,,scaffold,pending,,,
P03,FFSLIPSLVGGLISAFK,Zika_PE243,Zika virus PE243,vírus envelopado,,,,microdilution,,scaffold,pending,,,
P03,FFSLIPSLVGGLISAFK,HSV1,Herpes simplex virus type 1,vírus envelopado,,,,microdilution,,scaffold,pending,,,
P03,FFSLIPSLVGGLISAFK,cell_normal,célula mamífera normal,mamífero normal,,,,microdilution,,scaffold,pending,,,
P03,FFSLIPSLVGGLISAFK,cell_tumor,célula tumoral,célula tumoral,,,,microdilution,,scaffold,pending,,,
P04,FFSLIPSLVGLISAFK,S_aureus_ATCC29213,Staphylococcus aureus ATCC 29213,Gram+,,,,microdilution,,scaffold,pending,,,
P04,FFSLIPSLVGLISAFK,S_epidermidis_ATCC12228,Staphylococcus epidermidis ATCC 12228,Gram+,,,,microdilution,,scaffold,pending,,,
P04,FFSLIPSLVGLISAFK,E_coli_ATCC25922,Escherichia coli ATCC 25922,Gram-,,,,microdilution,,scaffold,pending,,,
P04,FFSLIPSLVGLISAFK,P_aeruginosa_ATCC27853,Pseudomonas aeruginosa ATCC 27853,Gram-,,,,microdilution,,scaffold,pending,,,
P04,FFSLIPSLVGLISAFK,Candida_spp,Candida spp.,fungo,,,,microdilution,,scaffold,pending,,,
P04,FFSLIPSLVGLISAFK,T_cruzi,Trypanosoma cruzi,parasita,,,,microdilution,,scaffold,pending,,,
P04,FFSLIPSLVGLISAFK,Zika_PE243,Zika virus PE243,vírus envelopado,,,,microdilution,,scaffold,pending,,,
P04,FFSLIPSLVGLISAFK,HSV1,Herpes simplex virus type 1,vírus envelopado,,,,microdilution,,scaffold,pending,,,
P04,FFSLIPSLVGLISAFK,cell_normal,célula mamífera normal,mamífero normal,,,,microdilution,,scaffold,pending,,,
P04,FFSLIPSLVGLISAFK,cell_tumor,célula tumoral,célula tumoral,,,,microdilution,,scaffold,pending,,,
P05,FLGMIPGLIGGLISAFK,S_aureus_ATCC29213,Staphylococcus aureus ATCC 29213,Gram+,,,,microdilution,,scaffold,pending,,,
P05,FLGMIPGLIGGLISAFK,S_epidermidis_ATCC12228,Staphylococcus epidermidis ATCC 12228,Gram+,,,,microdilution,,scaffold,pending,,,
P05,FLGMIPGLIGGLISAFK,E_coli_ATCC25922,Escherichia coli ATCC 25922,Gram-,,,,microdilution,,scaffold,pending,,,
P05,FLGMIPGLIGGLISAFK,P_aeruginosa_ATCC27853,Pseudomonas aeruginosa ATCC 27853,Gram-,,,,microdilution,,scaffold,pending,,,
P05,FLGMIPGLIGGLISAFK,Candida_spp,Candida spp.,fungo,,,,microdilution,,scaffold,pending,,,
P05,FLGMIPGLIGGLISAFK,T_cruzi,Trypanosoma cruzi,parasita,,,,microdilution,,scaffold,pending,,,
P05,FLGMIPGLIGGLISAFK,Zika_PE243,Zika virus PE243,vírus envelopado,,,,microdilution,,scaffold,pending,,,
P05,FLGMIPGLIGGLISAFK,HSV1,Herpes simplex virus type 1,vírus envelopado,,,,microdilution,,scaffold,pending,,,
P05,FLGMIPGLIGGLISAFK,cell_normal,célula mamífera normal,mamífero normal,,,,microdilution,,scaffold,pending,,,
P05,FLGMIPGLIGGLISAFK,cell_tumor,célula tumoral,célula tumoral,,,,microdilution,,scaffold,pending,,,
P06,FLGMIPGLIGGLISAFK,S_aureus_ATCC29213,Staphylococcus aureus ATCC 29213,Gram+,,,,microdilution,,scaffold,pending,,,
P06,FLGMIPGLIGGLISAFK,S_epidermidis_ATCC12228,Staphylococcus epidermidis ATCC 12228,Gram+,,,,microdilution,,scaffold,pending,,,
P06,FLGMIPGLIGGLISAFK,E_coli_ATCC25922,Escherichia coli ATCC 25922,Gram-,,,,microdilution,,scaffold,pending,,,
P06,FLGMIPGLIGGLISAFK,P_aeruginosa_ATCC27853,Pseudomonas aeruginosa ATCC 27853,Gram-,,,,microdilution,,scaffold,pending,,,
P06,FLGMIPGLIGGLISAFK,Candida_spp,Candida spp.,fungo,,,,microdilution,,scaffold,pending,,,
P06,FLGMIPGLIGGLISAFK,T_cruzi,Trypanosoma cruzi,parasita,,,,microdilution,,scaffold,pending,,,
P06,FLGMIPGLIGGLISAFK,Zika_PE243,Zika virus PE243,vírus envelopado,,,,microdilution,,scaffold,pending,,,
P06,FLGMIPGLIGGLISAFK,HSV1,Herpes simplex virus type 1,vírus envelopado,,,,microdilution,,scaffold,pending,,,
P06,FLGMIPGLIGGLISAFK,cell_normal,célula mamífera normal,mamífero normal,,,,microdilution,,scaffold,pending,,,
P06,FLGMIPGLIGGLISAFK,cell_tumor,célula tumoral,célula tumoral,,,,microdilution,,scaffold,pending,,,
P07,FLGMIPGLIGGLISAFK,S_aureus_ATCC29213,Staphylococcus aureus ATCC 29213,Gram+,,,,microdilution,,scaffold,pending,,,
P07,FLGMIPGLIGGLISAFK,S_epidermidis_ATCC12228,Staphylococcus epidermidis ATCC 12228,Gram+,,,,microdilution,,scaffold,pending,,,
P07,FLGMIPGLIGGLISAFK,E_coli_ATCC25922,Escherichia coli ATCC 25922,Gram-,,,,microdilution,,scaffold,pending,,,
P07,FLGMIPGLIGGLISAFK,P_aeruginosa_ATCC27853,Pseudomonas aeruginosa ATCC 27853,Gram-,,,,microdilution,,scaffold,pending,,,
P07,FLGMIPGLIGGLISAFK,Candida_spp,Candida spp.,fungo,,,,microdilution,,scaffold,pending,,,
P07,FLGMIPGLIGGLISAFK,T_cruzi,Trypanosoma cruzi,parasita,,,,microdilution,,scaffold,pending,,,
P07,FLGMIPGLIGGLISAFK,Zika_PE243,Zika virus PE243,vírus envelopado,,,,microdilution,,scaffold,pending,,,
P07,FLGMIPGLIGGLISAFK,HSV1,Herpes simplex virus type 1,vírus envelopado,,,,microdilution,,scaffold,pending,,,
P07,FLGMIPGLIGGLISAFK,cell_normal,célula mamífera normal,mamífero normal,,,,microdilution,,scaffold,pending,,,
P07,FLGMIPGLIGGLISAFK,cell_tumor,célula tumoral,célula tumoral,,,,microdilution,,scaffold,pending,,,
P08,FLGMIPGLIGGLISAFK,S_aureus_ATCC29213,Staphylococcus aureus ATCC 29213,Gram+,,,,microdilution,,scaffold,pending,,,
P08,FLGMIPGLIGGLISAFK,S_epidermidis_ATCC12228,Staphylococcus epidermidis ATCC 12228,Gram+,,,,microdilution,,scaffold,pending,,,
P08,FLGMIPGLIGGLISAFK,E_coli_ATCC25922,Escherichia coli ATCC 25922,Gram-,,,,microdilution,,scaffold,pending,,,
P08,FLGMIPGLIGGLISAFK,P_aeruginosa_ATCC27853,Pseudomonas aeruginosa ATCC 27853,Gram-,,,,microdilution,,scaffold,pending,,,
P08,FLGMIPGLIGGLISAFK,Candida_spp,Candida spp.,fungo,,,,microdilution,,scaffold,pending,,,
P08,FLGMIPGLIGGLISAFK,T_cruzi,Trypanosoma cruzi,parasita,,,,microdilution,,scaffold,pending,,,
P08,FLGMIPGLIGGLISAFK,Zika_PE243,Zika virus PE243,vírus envelopado,,,,microdilution,,scaffold,pending,,,
P08,FLGMIPGLIGGLISAFK,HSV1,Herpes simplex virus type 1,vírus envelopado,,,,microdilution,,scaffold,pending,,,
P08,FLGMIPGLIGGLISAFK,cell_normal,célula mamífera normal,mamífero normal,,,,microdilution,,scaffold,pending,,,
P08,FLGMIPGLIGGLISAFK,cell_tumor,célula tumoral,célula tumoral,,,,microdilution,,scaffold,pending,,,
P09,FLGMIPGLIGGLISAFK,S_aureus_ATCC29213,Staphylococcus aureus ATCC 29213,Gram+,,,,microdilution,,scaffold,pending,,,
P09,FLGMIPGLIGGLISAFK,S_epidermidis_ATCC12228,Staphylococcus epidermidis ATCC 12228,Gram+,,,,microdilution,,scaffold,pending,,,
P09,FLGMIPGLIGGLISAFK,E_coli_ATCC25922,Escherichia coli ATCC 25922,Gram-,,,,microdilution,,scaffold,pending,,,
P09,FLGMIPGLIGGLISAFK,P_aeruginosa_ATCC27853,Pseudomonas aeruginosa ATCC 27853,Gram-,,,,microdilution,,scaffold,pending,,,
P09,FLGMIPGLIGGLISAFK,Candida_spp,Candida spp.,fungo,,,,microdilution,,scaffold,pending,,,
P09,FLGMIPGLIGGLISAFK,T_cruzi,Trypanosoma cruzi,parasita,,,,microdilution,,scaffold,pending,,,
P09,FLGMIPGLIGGLISAFK,Zika_PE243,Zika virus PE243,vírus envelopado,,,,microdilution,,scaffold,pending,,,
P09,FLGMIPGLIGGLISAFK,HSV1,Herpes simplex virus type 1,vírus envelopado,,,,microdilution,,scaffold,pending,,,
P09,FLGMIPGLIGGLISAFK,cell_normal,célula mamífera normal,mamífero normal,,,,microdilution,,scaffold,pending,,,
P09,FLGMIPGLIGGLISAFK,cell_tumor,célula tumoral,célula tumoral,,,,microdilution,,scaffold,pending,,,
P10,FFSLIPSLVGGLISAFK,S_aureus_ATCC29213,Staphylococcus aureus ATCC 29213,Gram+,,,,microdilution,,scaffold,pending,,,
P10,FFSLIPSLVGGLISAFK,S_epidermidis_ATCC12228,Staphylococcus epidermidis ATCC 12228,Gram+,,,,microdilution,,scaffold,pending,,,
P10,FFSLIPSLVGGLISAFK,E_coli_ATCC25922,Escherichia coli ATCC 25922,Gram-,,,,microdilution,,scaffold,pending,,,
P10,FFSLIPSLVGGLISAFK,P_aeruginosa_ATCC27853,Pseudomonas aeruginosa ATCC 27853,Gram-,,,,microdilution,,scaffold,pending,,,
P10,FFSLIPSLVGGLISAFK,Candida_spp,Candida spp.,fungo,,,,microdilution,,scaffold,pending,,,
P10,FFSLIPSLVGGLISAFK,T_cruzi,Trypanosoma cruzi,parasita,,,,microdilution,,scaffold,pending,,,
P10,FFSLIPSLVGGLISAFK,Zika_PE243,Zika virus PE243,vírus envelopado,,,,microdilution,,scaffold,pending,,,
P10,FFSLIPSLVGGLISAFK,HSV1,Herpes simplex virus type 1,vírus envelopado,,,,microdilution,,scaffold,pending,,,
P10,FFSLIPSLVGGLISAFK,cell_normal,célula mamífera normal,mamífero normal,,,,microdilution,,scaffold,pending,,,
P10,FFSLIPSLVGGLISAFK,cell_tumor,célula tumoral,célula tumoral,,,,microdilution,,scaffold,pending,,,
P11,FFSLIPKLVKGLISAFK,S_aureus_ATCC29213,Staphylococcus aureus ATCC 29213,Gram+,,,,microdilution,,scaffold,pending,,,
P11,FFSLIPKLVKGLISAFK,S_epidermidis_ATCC12228,Staphylococcus epidermidis ATCC 12228,Gram+,,,,microdilution,,scaffold,pending,,,
P11,FFSLIPKLVKGLISAFK,E_coli_ATCC25922,Escherichia coli ATCC 25922,Gram-,,,,microdilution,,scaffold,pending,,,
P11,FFSLIPKLVKGLISAFK,P_aeruginosa_ATCC27853,Pseudomonas aeruginosa ATCC 27853,Gram-,,,,microdilution,,scaffold,pending,,,
P11,FFSLIPKLVKGLISAFK,Candida_spp,Candida spp.,fungo,,,,microdilution,,scaffold,pending,,,
P11,FFSLIPKLVKGLISAFK,T_cruzi,Trypanosoma cruzi,parasita,,,,microdilution,,scaffold,pending,,,
P11,FFSLIPKLVKGLISAFK,Zika_PE243,Zika virus PE243,vírus envelopado,,,,microdilution,,scaffold,pending,,,
P11,FFSLIPKLVKGLISAFK,HSV1,Herpes simplex virus type 1,vírus envelopado,,,,microdilution,,scaffold,pending,,,
P11,FFSLIPKLVKGLISAFK,cell_normal,célula mamífera normal,mamífero normal,,,,microdilution,,scaffold,pending,,,
P11,FFSLIPKLVKGLISAFK,cell_tumor,célula tumoral,célula tumoral,,,,microdilution,,scaffold,pending,,,
P12,FFKLIPKLVKGLISAFK,S_aureus_ATCC29213,Staphylococcus aureus ATCC 29213,Gram+,,,,microdilution,,scaffold,pending,,,
P12,FFKLIPKLVKGLISAFK,S_epidermidis_ATCC12228,Staphylococcus epidermidis ATCC 12228,Gram+,,,,microdilution,,scaffold,pending,,,
P12,FFKLIPKLVKGLISAFK,E_coli_ATCC25922,Escherichia coli ATCC 25922,Gram-,,,,microdilution,,scaffold,pending,,,
P12,FFKLIPKLVKGLISAFK,P_aeruginosa_ATCC27853,Pseudomonas aeruginosa ATCC 27853,Gram-,,,,microdilution,,scaffold,pending,,,
P12,FFKLIPKLVKGLISAFK,Candida_spp,Candida spp.,fungo,,,,microdilution,,scaffold,pending,,,
P12,FFKLIPKLVKGLISAFK,T_cruzi,Trypanosoma cruzi,parasita,,,,microdilution,,scaffold,pending,,,
P12,FFKLIPKLVKGLISAFK,Zika_PE243,Zika virus PE243,vírus envelopado,,,,microdilution,,scaffold,pending,,,
P12,FFKLIPKLVKGLISAFK,HSV1,Herpes simplex virus type 1,vírus envelopado,,,,microdilution,,scaffold,pending,,,
P12,FFKLIPKLVKGLISAFK,cell_normal,célula mamífera normal,mamífero normal,,,,microdilution,,scaffold,pending,,,
P12,FFKLIPKLVKGLISAFK,cell_tumor,célula tumoral,célula tumoral,,,,microdilution,,scaffold,pending,,,
P13,FFSLIPKLVGKLISAFK,S_aureus_ATCC29213,Staphylococcus aureus ATCC 29213,Gram+,,,,microdilution,,scaffold,pending,,,
P13,FFSLIPKLVGKLISAFK,S_epidermidis_ATCC12228,Staphylococcus epidermidis ATCC 12228,Gram+,,,,microdilution,,scaffold,pending,,,
P13,FFSLIPKLVGKLISAFK,E_coli_ATCC25922,Escherichia coli ATCC 25922,Gram-,,,,microdilution,,scaffold,pending,,,
P13,FFSLIPKLVGKLISAFK,P_aeruginosa_ATCC27853,Pseudomonas aeruginosa ATCC 27853,Gram-,,,,microdilution,,scaffold,pending,,,
P13,FFSLIPKLVGKLISAFK,Candida_spp,Candida spp.,fungo,,,,microdilution,,scaffold,pending,,,
P13,FFSLIPKLVGKLISAFK,T_cruzi,Trypanosoma cruzi,parasita,,,,microdilution,,scaffold,pending,,,
P13,FFSLIPKLVGKLISAFK,Zika_PE243,Zika virus PE243,vírus envelopado,,,,microdilution,,scaffold,pending,,,
P13,FFSLIPKLVGKLISAFK,HSV1,Herpes simplex virus type 1,vírus envelopado,,,,microdilution,,scaffold,pending,,,
P13,FFSLIPKLVGKLISAFK,cell_normal,célula mamífera normal,mamífero normal,,,,microdilution,,scaffold,pending,,,
P13,FFSLIPKLVGKLISAFK,cell_tumor,célula tumoral,célula tumoral,,,,microdilution,,scaffold,pending,,,
P14,FFSLIPKLVGKLIKAFK,S_aureus_ATCC29213,Staphylococcus aureus ATCC 29213,Gram+,,,,microdilution,,scaffold,pending,,,
P14,FFSLIPKLVGKLIKAFK,S_epidermidis_ATCC12228,Staphylococcus epidermidis ATCC 12228,Gram+,,,,microdilution,,scaffold,pending,,,
P14,FFSLIPKLVGKLIKAFK,E_coli_ATCC25922,Escherichia coli ATCC 25922,Gram-,,,,microdilution,,scaffold,pending,,,
P14,FFSLIPKLVGKLIKAFK,P_aeruginosa_ATCC27853,Pseudomonas aeruginosa ATCC 27853,Gram-,,,,microdilution,,scaffold,pending,,,
P14,FFSLIPKLVGKLIKAFK,Candida_spp,Candida spp.,fungo,,,,microdilution,,scaffold,pending,,,
P14,FFSLIPKLVGKLIKAFK,T_cruzi,Trypanosoma cruzi,parasita,,,,microdilution,,scaffold,pending,,,
P14,FFSLIPKLVGKLIKAFK,Zika_PE243,Zika virus PE243,vírus envelopado,,,,microdilution,,scaffold,pending,,,
P14,FFSLIPKLVGKLIKAFK,HSV1,Herpes simplex virus type 1,vírus envelopado,,,,microdilution,,scaffold,pending,,,
P14,FFSLIPKLVGKLIKAFK,cell_normal,célula mamífera normal,mamífero normal,,,,microdilution,,scaffold,pending,,,
P14,FFSLIPKLVGKLIKAFK,cell_tumor,célula tumoral,célula tumoral,,,,microdilution,,scaffold,pending,,,
P15,FFSLIPSLVKKLIKAFK,S_aureus_ATCC29213,Staphylococcus aureus ATCC 29213,Gram+,,,,microdilution,,scaffold,pending,,,
P15,FFSLIPSLVKKLIKAFK,S_epidermidis_ATCC12228,Staphylococcus epidermidis ATCC 12228,Gram+,,,,microdilution,,scaffold,pending,,,
P15,FFSLIPSLVKKLIKAFK,E_coli_ATCC25922,Escherichia coli ATCC 25922,Gram-,,,,microdilution,,scaffold,pending,,,
P15,FFSLIPSLVKKLIKAFK,P_aeruginosa_ATCC27853,Pseudomonas aeruginosa ATCC 27853,Gram-,,,,microdilution,,scaffold,pending,,,
P15,FFSLIPSLVKKLIKAFK,Candida_spp,Candida spp.,fungo,,,,microdilution,,scaffold,pending,,,
P15,FFSLIPSLVKKLIKAFK,T_cruzi,Trypanosoma cruzi,parasita,,,,microdilution,,scaffold,pending,,,
P15,FFSLIPSLVKKLIKAFK,Zika_PE243,Zika virus PE243,vírus envelopado,,,,microdilution,,scaffold,pending,,,
P15,FFSLIPSLVKKLIKAFK,HSV1,Herpes simplex virus type 1,vírus envelopado,,,,microdilution,,scaffold,pending,,,
P15,FFSLIPSLVKKLIKAFK,cell_normal,célula mamífera normal,mamífero normal,,,,microdilution,,scaffold,pending,,,
P15,FFSLIPSLVKKLIKAFK,cell_tumor,célula tumoral,célula tumoral,,,,microdilution,,scaffold,pending,,,
P16,FFKLIPKLVKKLIKAFK,S_aureus_ATCC29213,Staphylococcus aureus ATCC 29213,Gram+,,,,microdilution,,scaffold,pending,,,
P16,FFKLIPKLVKKLIKAFK,S_epidermidis_ATCC12228,Staphylococcus epidermidis ATCC 12228,Gram+,,,,microdilution,,scaffold,pending,,,
P16,FFKLIPKLVKKLIKAFK,E_coli_ATCC25922,Escherichia coli ATCC 25922,Gram-,,,,microdilution,,scaffold,pending,,,
P16,FFKLIPKLVKKLIKAFK,P_aeruginosa_ATCC27853,Pseudomonas aeruginosa ATCC 27853,Gram-,,,,microdilution,,scaffold,pending,,,
P16,FFKLIPKLVKKLIKAFK,Candida_spp,Candida spp.,fungo,,,,microdilution,,scaffold,pending,,,
P16,FFKLIPKLVKKLIKAFK,T_cruzi,Trypanosoma cruzi,parasita,,,,microdilution,,scaffold,pending,,,
P16,FFKLIPKLVKKLIKAFK,Zika_PE243,Zika virus PE243,vírus envelopado,,,,microdilution,,scaffold,pending,,,
P16,FFKLIPKLVKKLIKAFK,HSV1,Herpes simplex virus type 1,vírus envelopado,,,,microdilution,,scaffold,pending,,,
P16,FFKLIPKLVKKLIKAFK,cell_normal,célula mamífera normal,mamífero normal,,,,microdilution,,scaffold,pending,,,
P16,FFKLIPKLVKKLIKAFK,cell_tumor,célula tumoral,célula tumoral,,,,microdilution,,scaffold,pending,,,
P17,FLRMIPGLIRGLIRAFR,S_aureus_ATCC29213,Staphylococcus aureus ATCC 29213,Gram+,,,,microdilution,,scaffold,pending,,,
P17,FLRMIPGLIRGLIRAFR,S_epidermidis_ATCC12228,Staphylococcus epidermidis ATCC 12228,Gram+,,,,microdilution,,scaffold,pending,,,
P17,FLRMIPGLIRGLIRAFR,E_coli_ATCC25922,Escherichia coli ATCC 25922,Gram-,,,,microdilution,,scaffold,pending,,,
P17,FLRMIPGLIRGLIRAFR,P_aeruginosa_ATCC27853,Pseudomonas aeruginosa ATCC 27853,Gram-,,,,microdilution,,scaffold,pending,,,
P17,FLRMIPGLIRGLIRAFR,Candida_spp,Candida spp.,fungo,,,,microdilution,,scaffold,pending,,,
P17,FLRMIPGLIRGLIRAFR,T_cruzi,Trypanosoma cruzi,parasita,,,,microdilution,,scaffold,pending,,,
P17,FLRMIPGLIRGLIRAFR,Zika_PE243,Zika virus PE243,vírus envelopado,,,,microdilution,,scaffold,pending,,,
P17,FLRMIPGLIRGLIRAFR,HSV1,Herpes simplex virus type 1,vírus envelopado,,,,microdilution,,scaffold,pending,,,
P17,FLRMIPGLIRGLIRAFR,cell_normal,célula mamífera normal,mamífero normal,,,,microdilution,,scaffold,pending,,,
P17,FLRMIPGLIRGLIRAFR,cell_tumor,célula tumoral,célula tumoral,,,,microdilution,,scaffold,pending,,,
P18,FLKMIPRLIKRLISAFK,S_aureus_ATCC29213,Staphylococcus aureus ATCC 29213,Gram+,,,,microdilution,,scaffold,pending,,,
P18,FLKMIPRLIKRLISAFK,S_epidermidis_ATCC12228,Staphylococcus epidermidis ATCC 12228,Gram+,,,,microdilution,,scaffold,pending,,,
P18,FLKMIPRLIKRLISAFK,E_coli_ATCC25922,Escherichia coli ATCC 25922,Gram-,,,,microdilution,,scaffold,pending,,,
P18,FLKMIPRLIKRLISAFK,P_aeruginosa_ATCC27853,Pseudomonas aeruginosa ATCC 27853,Gram-,,,,microdilution,,scaffold,pending,,,
P18,FLKMIPRLIKRLISAFK,Candida_spp,Candida spp.,fungo,,,,microdilution,,scaffold,pending,,,
P18,FLKMIPRLIKRLISAFK,T_cruzi,Trypanosoma cruzi,parasita,,,,microdilution,,scaffold,pending,,,
P18,FLKMIPRLIKRLISAFK,Zika_PE243,Zika virus PE243,vírus envelopado,,,,microdilution,,scaffold,pending,,,
P18,FLKMIPRLIKRLISAFK,HSV1,Herpes simplex virus type 1,vírus envelopado,,,,microdilution,,scaffold,pending,,,
P18,FLKMIPRLIKRLISAFK,cell_normal,célula mamífera normal,mamífero normal,,,,microdilution,,scaffold,pending,,,
P18,FLKMIPRLIKRLISAFK,cell_tumor,célula tumoral,célula tumoral,,,,microdilution,,scaffold,pending,,,
P11,FFSLIPKLVKGLISAFK,S_aureus_UFPEDA1040,Staphylococcus aureus UFPEDA1040,Gram+,MIC,4.7,uM,microdilution,Parente_2022_Table3,literature,experimental,literature,,
P11,FFSLIPKLVKGLISAFK,S_aureus_UFPEDA1040,Staphylococcus aureus UFPEDA1040,Gram+,MBC,4.7,uM,microdilution,Parente_2022_Table3,literature,experimental,literature,,
P12,FFKLIPKLVKGLISAFK,S_aureus_UFPEDA1040,Staphylococcus aureus UFPEDA1040,Gram+,MIC,2.3,uM,microdilution,Parente_2022_Table3,literature,experimental,literature,,
P12,FFKLIPKLVKGLISAFK,S_aureus_UFPEDA1040,Staphylococcus aureus UFPEDA1040,Gram+,MBC,2.3,uM,microdilution,Parente_2022_Table3,literature,experimental,literature,,
P11,FFSLIPKLVKGLISAFK,S_aureus_UFPEDA1051,Staphylococcus aureus UFPEDA1051,Gram+,MIC,2.3,uM,microdilution,Parente_2022_Table3,literature,experimental,literature,,
P11,FFSLIPKLVKGLISAFK,S_aureus_UFPEDA1051,Staphylococcus aureus UFPEDA1051,Gram+,MBC,3.4,uM,microdilution,Parente_2022_Table3,literature,experimental,literature,,
P12,FFKLIPKLVKGLISAFK,S_aureus_UFPEDA1051,Staphylococcus aureus UFPEDA1051,Gram+,MIC,2.3,uM,microdilution,Parente_2022_Table3,literature,experimental,literature,,
P12,FFKLIPKLVKGLISAFK,S_aureus_UFPEDA1051,Staphylococcus aureus UFPEDA1051,Gram+,MBC,3.4,uM,microdilution,Parente_2022_Table3,literature,experimental,literature,,
P11,FFSLIPKLVKGLISAFK,S_aureus_UFPEDA1058,Staphylococcus aureus UFPEDA1058,Gram+,MIC,2.3,uM,microdilution,Parente_2022_Table3,literature,experimental,literature,,
P11,FFSLIPKLVKGLISAFK,S_aureus_UFPEDA1058,Staphylococcus aureus UFPEDA1058,Gram+,MBC,2.3,uM,microdilution,Parente_2022_Table3,literature,experimental,literature,,
P12,FFKLIPKLVKGLISAFK,S_aureus_UFPEDA1058,Staphylococcus aureus UFPEDA1058,Gram+,MIC,2.3,uM,microdilution,Parente_2022_Table3,literature,experimental,literature,,
P12,FFKLIPKLVKGLISAFK,S_aureus_UFPEDA1058,Staphylococcus aureus UFPEDA1058,Gram+,MBC,2.3,uM,microdilution,Parente_2022_Table3,literature,experimental,literature,,
P11,FFSLIPKLVKGLISAFK,S_aureus_UFPEDA1059,Staphylococcus aureus UFPEDA1059,Gram+,MIC,4.7,uM,microdilution,Parente_2022_Table3,literature,experimental,literature,,
P11,FFSLIPKLVKGLISAFK,S_aureus_UFPEDA1059,Staphylococcus aureus UFPEDA1059,Gram+,MBC,4.7,uM,microdilution,Parente_2022_Table3,literature,experimental,literature,,
P12,FFKLIPKLVKGLISAFK,S_aureus_UFPEDA1059,Staphylococcus aureus UFPEDA1059,Gram+,MIC,2.3,uM,microdilution,Parente_2022_Table3,literature,experimental,literature,,
P12,FFKLIPKLVKGLISAFK,S_aureus_UFPEDA1059,Staphylococcus aureus UFPEDA1059,Gram+,MBC,2.3,uM,microdilution,Parente_2022_Table3,literature,experimental,literature,,
P11,FFSLIPKLVKGLISAFK,P_aeruginosa_UFPEDA261,Pseudomonas aeruginosa UFPEDA261,Gram-,MIC,4.7,uM,microdilution,Parente_2022_Table3,literature,experimental,literature,,
P11,FFSLIPKLVKGLISAFK,P_aeruginosa_UFPEDA261,Pseudomonas aeruginosa UFPEDA261,Gram-,MBC,4.7,uM,microdilution,Parente_2022_Table3,literature,experimental,literature,,
P12,FFKLIPKLVKGLISAFK,P_aeruginosa_UFPEDA261,Pseudomonas aeruginosa UFPEDA261,Gram-,MIC,3.4,uM,microdilution,Parente_2022_Table3,literature,experimental,literature,,
P12,FFKLIPKLVKGLISAFK,P_aeruginosa_UFPEDA261,Pseudomonas aeruginosa UFPEDA261,Gram-,MBC,3.4,uM,microdilution,Parente_2022_Table3,literature,experimental,literature,,
P11,FFSLIPKLVKGLISAFK,P_aeruginosa_UFPEDA262,Pseudomonas aeruginosa UFPEDA262,Gram-,MIC,4.7,uM,microdilution,Parente_2022_Table3,literature,experimental,literature,,
P11,FFSLIPKLVKGLISAFK,P_aeruginosa_UFPEDA262,Pseudomonas aeruginosa UFPEDA262,Gram-,MBC,4.7,uM,microdilution,Parente_2022_Table3,literature,experimental,literature,,
P12,FFKLIPKLVKGLISAFK,P_aeruginosa_UFPEDA262,Pseudomonas aeruginosa UFPEDA262,Gram-,MIC,3.4,uM,microdilution,Parente_2022_Table3,literature,experimental,literature,,
P12,FFKLIPKLVKGLISAFK,P_aeruginosa_UFPEDA262,Pseudomonas aeruginosa UFPEDA262,Gram-,MBC,3.4,uM,microdilution,Parente_2022_Table3,literature,experimental,literature,,
P10,FFSLIPSLVGGLISAFK,S_aureus_ATCC29213,Staphylococcus aureus ATCC 29213,Gram+,MIC,9.4,uM,microdilution,Amorim-Carmo_2019;Parente_2018;Daniele-Silva_2016_2025,bancada,experimental,bench,,from_docx_caracteristicas_fisico_quimicas
P10,FFSLIPSLVGGLISAFK,S_epidermidis_ATCC12228,Staphylococcus epidermidis ATCC 12228,Gram+,MIC,9.4,uM,microdilution,Amorim-Carmo_2019;Parente_2018;Daniele-Silva_2016_2025,bancada,experimental,bench,,from_docx_caracteristicas_fisico_quimicas
P10,FFSLIPSLVGGLISAFK,E_faecalis_ATCC29212,Enterococcus faecalis ATCC 29212,Gram+,MIC,150.0,uM,microdilution,Amorim-Carmo_2019;Parente_2018;Daniele-Silva_2016_2025,bancada,experimental,bench,,censored_gt:150
P10,FFSLIPSLVGGLISAFK,E_coli_ATCC25922,Escherichia coli ATCC 25922,Gram-,MIC,150.0,uM,microdilution,Amorim-Carmo_2019;Parente_2018;Daniele-Silva_2016_2025,bancada,experimental,bench,,censored_gt:150
P10,FFSLIPSLVGGLISAFK,E_cloacae_ATCC13047,Enterobacter cloacae ATCC 13047,Gram-,MIC,150.0,uM,microdilution,Amorim-Carmo_2019;Parente_2018;Daniele-Silva_2016_2025,bancada,experimental,bench,,censored_gt:150
P10,FFSLIPSLVGGLISAFK,P_aeruginosa_ATCC27853,Pseudomonas aeruginosa ATCC 27853,Gram-,MIC,150.0,uM,microdilution,Amorim-Carmo_2019;Parente_2018;Daniele-Silva_2016_2025,bancada,experimental,bench,,censored_gt:150
P10,FFSLIPSLVGGLISAFK,C_albicans_ATCC90028,Candida albicans ATCC 90028,fungo,MIC,37.5,uM,microdilution,Amorim-Carmo_2019;Parente_2018;Daniele-Silva_2016_2025,bancada,experimental,bench,,from_docx_caracteristicas_fisico_quimicas
P10,FFSLIPSLVGGLISAFK,C_glabrata_ATCC90030,Candida glabrata ATCC 90030,fungo,MIC,150.0,uM,microdilution,Amorim-Carmo_2019;Parente_2018;Daniele-Silva_2016_2025,bancada,experimental,bench,,censored_gt:150
P10,FFSLIPSLVGGLISAFK,C_krusei_ATCC6258,Candida krusei ATCC 6258,fungo,MIC,150.0,uM,microdilution,Amorim-Carmo_2019;Parente_2018;Daniele-Silva_2016_2025,bancada,experimental,bench,,censored_gt:150
P11,FFSLIPKLVKGLISAFK,S_aureus_ATCC29213,Staphylococcus aureus ATCC 29213,Gram+,MIC,2.34,uM,microdilution,Parente_2018,bancada,experimental,bench,,from_docx_caracteristicas_fisico_quimicas
P11,FFSLIPKLVKGLISAFK,S_epidermidis_ATCC12228,Staphylococcus epidermidis ATCC 12228,Gram+,MIC,1.17,uM,microdilution,Parente_2018,bancada,experimental,bench,,from_docx_caracteristicas_fisico_quimicas
P11,FFSLIPKLVKGLISAFK,E_faecalis_ATCC29212,Enterococcus faecalis ATCC 29212,Gram+,MIC,1.17,uM,microdilution,Parente_2018,bancada,experimental,bench,,from_docx_caracteristicas_fisico_quimicas
P11,FFSLIPKLVKGLISAFK,E_coli_ATCC25922,Escherichia coli ATCC 25922,Gram-,MIC,4.69,uM,microdilution,Parente_2018,bancada,experimental,bench,,from_docx_caracteristicas_fisico_quimicas
P11,FFSLIPKLVKGLISAFK,E_cloacae_ATCC13047,Enterobacter cloacae ATCC 13047,Gram-,MIC,18.75,uM,microdilution,Parente_2018,bancada,experimental,bench,,from_docx_caracteristicas_fisico_quimicas
P11,FFSLIPKLVKGLISAFK,P_aeruginosa_ATCC27853,Pseudomonas aeruginosa ATCC 27853,Gram-,MIC,9.38,uM,microdilution,Parente_2018,bancada,experimental,bench,,from_docx_caracteristicas_fisico_quimicas
P11,FFSLIPKLVKGLISAFK,C_albicans_ATCC90028,Candida albicans ATCC 90028,fungo,MIC,9.38,uM,microdilution,Parente_2018,bancada,experimental,bench,,from_docx_caracteristicas_fisico_quimicas
P11,FFSLIPKLVKGLISAFK,C_glabrata_ATCC90030,Candida glabrata ATCC 90030,fungo,MIC,18.75,uM,microdilution,Parente_2018,bancada,experimental,bench,,from_docx_caracteristicas_fisico_quimicas
P11,FFSLIPKLVKGLISAFK,C_krusei_ATCC6258,Candida krusei ATCC 6258,fungo,MIC,37.5,uM,microdilution,Parente_2018,bancada,experimental,bench,,from_docx_caracteristicas_fisico_quimicas
P13,FFSLIPKLVGKLISAFK,S_aureus_ATCC29213,Staphylococcus aureus ATCC 29213,Gram+,MIC,2.34,uM,microdilution,Furtado_2022,bancada,experimental,bench,,from_docx_caracteristicas_fisico_quimicas
P13,FFSLIPKLVGKLISAFK,S_epidermidis_ATCC12228,Staphylococcus epidermidis ATCC 12228,Gram+,MIC,1.17,uM,microdilution,Furtado_2022,bancada,experimental,bench,,from_docx_caracteristicas_fisico_quimicas
P13,FFSLIPKLVGKLISAFK,E_coli_ATCC25922,Escherichia coli ATCC 25922,Gram-,MIC,2.34,uM,microdilution,Furtado_2022,bancada,experimental,bench,,from_docx_caracteristicas_fisico_quimicas
P13,FFSLIPKLVGKLISAFK,P_aeruginosa_ATCC27853,Pseudomonas aeruginosa ATCC 27853,Gram-,MIC,4.68,uM,microdilution,Furtado_2022,bancada,experimental,bench,,from_docx_caracteristicas_fisico_quimicas
P12,FFKLIPKLVKGLISAFK,S_aureus_ATCC29213,Staphylococcus aureus ATCC 29213,Gram+,MIC,2.34,uM,microdilution,Parente_2018,bancada,experimental,bench,,from_docx_caracteristicas_fisico_quimicas
P12,FFKLIPKLVKGLISAFK,S_epidermidis_ATCC12228,Staphylococcus epidermidis ATCC 12228,Gram+,MIC,1.17,uM,microdilution,Parente_2018,bancada,experimental,bench,,from_docx_caracteristicas_fisico_quimicas
P12,FFKLIPKLVKGLISAFK,E_faecalis_ATCC29212,Enterococcus faecalis ATCC 29212,Gram+,MIC,1.17,uM,microdilution,Parente_2018,bancada,experimental,bench,,from_docx_caracteristicas_fisico_quimicas
P12,FFKLIPKLVKGLISAFK,E_coli_ATCC25922,Escherichia coli ATCC 25922,Gram-,MIC,2.34,uM,microdilution,Parente_2018,bancada,experimental,bench,,from_docx_caracteristicas_fisico_quimicas
P12,FFKLIPKLVKGLISAFK,E_cloacae_ATCC13047,Enterobacter cloacae ATCC 13047,Gram-,MIC,9.38,uM,microdilution,Parente_2018,bancada,experimental,bench,,from_docx_caracteristicas_fisico_quimicas
P12,FFKLIPKLVKGLISAFK,P_aeruginosa_ATCC27853,Pseudomonas aeruginosa ATCC 27853,Gram-,MIC,1.37,uM,microdilution,Parente_2018,bancada,experimental,bench,,from_docx_caracteristicas_fisico_quimicas
P12,FFKLIPKLVKGLISAFK,C_albicans_ATCC90028,Candida albicans ATCC 90028,fungo,MIC,4.69,uM,microdilution,Parente_2018,bancada,experimental,bench,,from_docx_caracteristicas_fisico_quimicas
P12,FFKLIPKLVKGLISAFK,C_glabrata_ATCC90030,Candida glabrata ATCC 90030,fungo,MIC,9.38,uM,microdilution,Parente_2018,bancada,experimental,bench,,from_docx_caracteristicas_fisico_quimicas
P12,FFKLIPKLVKGLISAFK,C_krusei_ATCC6258,Candida krusei ATCC 6258,fungo,MIC,9.38,uM,microdilution,Parente_2018,bancada,experimental,bench,,from_docx_caracteristicas_fisico_quimicas
P14,FFSLIPKLVGKLIKAFK,S_aureus_ATCC29213,Staphylococcus aureus ATCC 29213,Gram+,MIC,2.34,uM,microdilution,Furtado_2022,bancada,experimental,bench,,from_docx_caracteristicas_fisico_quimicas
P14,FFSLIPKLVGKLIKAFK,S_epidermidis_ATCC12228,Staphylococcus epidermidis ATCC 12228,Gram+,MIC,1.17,uM,microdilution,Furtado_2022,bancada,experimental,bench,,from_docx_caracteristicas_fisico_quimicas
P14,FFSLIPKLVGKLIKAFK,E_coli_ATCC25922,Escherichia coli ATCC 25922,Gram-,MIC,2.34,uM,microdilution,Furtado_2022,bancada,experimental,bench,,from_docx_caracteristicas_fisico_quimicas
P14,FFSLIPKLVGKLIKAFK,P_aeruginosa_ATCC27853,Pseudomonas aeruginosa ATCC 27853,Gram-,MIC,9.37,uM,microdilution,Furtado_2022,bancada,experimental,bench,,from_docx_caracteristicas_fisico_quimicas
P15,FFSLIPSLVKKLIKAFK,S_aureus_ATCC29213,Staphylococcus aureus ATCC 29213,Gram+,MIC,1.2,uM,microdilution,Amorim-Carmo_2019,bancada,experimental,bench,,from_docx_caracteristicas_fisico_quimicas
P15,FFSLIPSLVKKLIKAFK,S_epidermidis_ATCC12228,Staphylococcus epidermidis ATCC 12228,Gram+,MIC,2.3,uM,microdilution,Amorim-Carmo_2019,bancada,experimental,bench,,from_docx_caracteristicas_fisico_quimicas
P15,FFSLIPSLVKKLIKAFK,E_faecalis_ATCC29212,Enterococcus faecalis ATCC 29212,Gram+,MIC,4.7,uM,microdilution,Amorim-Carmo_2019,bancada,experimental,bench,,from_docx_caracteristicas_fisico_quimicas
P15,FFSLIPSLVKKLIKAFK,E_coli_ATCC25922,Escherichia coli ATCC 25922,Gram-,MIC,2.3,uM,microdilution,Amorim-Carmo_2019,bancada,experimental,bench,,from_docx_caracteristicas_fisico_quimicas
P15,FFSLIPSLVKKLIKAFK,E_cloacae_ATCC13047,Enterobacter cloacae ATCC 13047,Gram-,MIC,18.8,uM,microdilution,Amorim-Carmo_2019,bancada,experimental,bench,,from_docx_caracteristicas_fisico_quimicas
P15,FFSLIPSLVKKLIKAFK,P_aeruginosa_ATCC27853,Pseudomonas aeruginosa ATCC 27853,Gram-,MIC,4.7,uM,microdilution,Amorim-Carmo_2019,bancada,experimental,bench,,from_docx_caracteristicas_fisico_quimicas
P15,FFSLIPSLVKKLIKAFK,C_albicans_ATCC90028,Candida albicans ATCC 90028,fungo,MIC,9.4,uM,microdilution,Amorim-Carmo_2019,bancada,experimental,bench,,from_docx_caracteristicas_fisico_quimicas
P15,FFSLIPSLVKKLIKAFK,C_glabrata_ATCC90030,Candida glabrata ATCC 90030,fungo,MIC,9.4,uM,microdilution,Amorim-Carmo_2019,bancada,experimental,bench,,from_docx_caracteristicas_fisico_quimicas
P15,FFSLIPSLVKKLIKAFK,C_krusei_ATCC6258,Candida krusei ATCC 6258,fungo,MIC,9.4,uM,microdilution,Amorim-Carmo_2019,bancada,experimental,bench,,from_docx_caracteristicas_fisico_quimicas
P16,FFKLIPKLVKKLIKAFK,S_aureus_ATCC29213,Staphylococcus aureus ATCC 29213,Gram+,MIC,2.3,uM,microdilution,Amorim-Carmo_2019,bancada,experimental,bench,,from_docx_caracteristicas_fisico_quimicas
P16,FFKLIPKLVKKLIKAFK,S_epidermidis_ATCC12228,Staphylococcus epidermidis ATCC 12228,Gram+,MIC,2.3,uM,microdilution,Amorim-Carmo_2019,bancada,experimental,bench,,from_docx_caracteristicas_fisico_quimicas
P16,FFKLIPKLVKKLIKAFK,E_faecalis_ATCC29212,Enterococcus faecalis ATCC 29212,Gram+,MIC,1.2,uM,microdilution,Amorim-Carmo_2019,bancada,experimental,bench,,from_docx_caracteristicas_fisico_quimicas
P16,FFKLIPKLVKKLIKAFK,E_coli_ATCC25922,Escherichia coli ATCC 25922,Gram-,MIC,1.2,uM,microdilution,Amorim-Carmo_2019,bancada,experimental,bench,,from_docx_caracteristicas_fisico_quimicas
P16,FFKLIPKLVKKLIKAFK,E_cloacae_ATCC13047,Enterobacter cloacae ATCC 13047,Gram-,MIC,4.7,uM,microdilution,Amorim-Carmo_2019,bancada,experimental,bench,,from_docx_caracteristicas_fisico_quimicas
P16,FFKLIPKLVKKLIKAFK,P_aeruginosa_ATCC27853,Pseudomonas aeruginosa ATCC 27853,Gram-,MIC,2.3,uM,microdilution,Amorim-Carmo_2019,bancada,experimental,bench,,from_docx_caracteristicas_fisico_quimicas
P16,FFKLIPKLVKKLIKAFK,C_albicans_ATCC90028,Candida albicans ATCC 90028,fungo,MIC,4.7,uM,microdilution,Amorim-Carmo_2019,bancada,experimental,bench,,from_docx_caracteristicas_fisico_quimicas
P16,FFKLIPKLVKKLIKAFK,C_glabrata_ATCC90030,Candida glabrata ATCC 90030,fungo,MIC,4.7,uM,microdilution,Amorim-Carmo_2019,bancada,experimental,bench,,from_docx_caracteristicas_fisico_quimicas
P16,FFKLIPKLVKKLIKAFK,C_krusei_ATCC6258,Candida krusei ATCC 6258,fungo,MIC,4.7,uM,microdilution,Amorim-Carmo_2019,bancada,experimental,bench,,from_docx_caracteristicas_fisico_quimicas
P05,FLGMIPGLIGGLISAFK,S_aureus_ATCC29213,Staphylococcus aureus ATCC 29213,Gram+,MIC,9.98,uM,microdilution,Daniele-Silva_2016_2025;Da_Costa_2025,bancada,experimental,bench,,from_docx_caracteristicas_fisico_quimicas
P05,FLGMIPGLIGGLISAFK,S_epidermidis_ATCC12228,Staphylococcus epidermidis ATCC 12228,Gram+,MIC,9.0,uM,microdilution,Daniele-Silva_2016_2025;Da_Costa_2025,bancada,experimental,bench,,from_docx_caracteristicas_fisico_quimicas
P05,FLGMIPGLIGGLISAFK,E_faecalis_ATCC29212,Enterococcus faecalis ATCC 29212,Gram+,MIC,20.2,uM,microdilution,Daniele-Silva_2016_2025;Da_Costa_2025,bancada,experimental,bench,,from_docx_caracteristicas_fisico_quimicas
P05,FLGMIPGLIGGLISAFK,E_coli_ATCC25922,Escherichia coli ATCC 25922,Gram-,MIC,160.0,uM,microdilution,Daniele-Silva_2016_2025;Da_Costa_2025,bancada,experimental,bench,,censored_gt:160
P05,FLGMIPGLIGGLISAFK,P_aeruginosa_ATCC27853,Pseudomonas aeruginosa ATCC 27853,Gram-,MIC,160.0,uM,microdilution,Daniele-Silva_2016_2025;Da_Costa_2025,bancada,experimental,bench,,censored_gt:160
P05,FLGMIPGLIGGLISAFK,B_cereus_ATCC11778,Bacillus cereus ATCC 11778,Gram+,MIC,18.0,uM,microdilution,Daniele-Silva_2016_2025;Da_Costa_2025,bancada,experimental,bench,,from_docx_caracteristicas_fisico_quimicas
P05,FLGMIPGLIGGLISAFK,K_pneumoniae_ATCC23357,Klebsiella pneumoniae ATCC 23357,Gram-,MIC,160.0,uM,microdilution,Daniele-Silva_2016_2025;Da_Costa_2025,bancada,experimental,bench,,from_docx_caracteristicas_fisico_quimicas
P05,FLGMIPGLIGGLISAFK,C_freundii_ATCC8090,Citrobacter freundii ATCC 8090,Gram-,MIC,144.25,uM,microdilution,Daniele-Silva_2016_2025;Da_Costa_2025,bancada,experimental,bench,,from_docx_caracteristicas_fisico_quimicas
P17,FLRMIPGLIRGLIRAFR,S_aureus_ATCC29213,Staphylococcus aureus ATCC 29213,Gram+,MIC,2.51,uM,microdilution,Daniele-Silva_2025;Da_Costa_2025,bancada,experimental,bench,,from_docx_caracteristicas_fisico_quimicas
P17,FLRMIPGLIRGLIRAFR,E_faecalis_ATCC29212,Enterococcus faecalis ATCC 29212,Gram+,MIC,2.51,uM,microdilution,Daniele-Silva_2025;Da_Costa_2025,bancada,experimental,bench,,from_docx_caracteristicas_fisico_quimicas
P17,FLRMIPGLIRGLIRAFR,E_coli_ATCC25922,Escherichia coli ATCC 25922,Gram-,MIC,2.51,uM,microdilution,Daniele-Silva_2025;Da_Costa_2025,bancada,experimental,bench,,from_docx_caracteristicas_fisico_quimicas
P17,FLRMIPGLIRGLIRAFR,P_aeruginosa_ATCC27853,Pseudomonas aeruginosa ATCC 27853,Gram-,MIC,2.51,uM,microdilution,Daniele-Silva_2025;Da_Costa_2025,bancada,experimental,bench,,from_docx_caracteristicas_fisico_quimicas
P17,FLRMIPGLIRGLIRAFR,K_pneumoniae_ATCC23357,Klebsiella pneumoniae ATCC 23357,Gram-,MIC,4.97,uM,microdilution,Daniele-Silva_2025;Da_Costa_2025,bancada,experimental,bench,,from_docx_caracteristicas_fisico_quimicas
P18,FLKMIPRLIKRLISAFK,S_aureus_ATCC29213,Staphylococcus aureus ATCC 29213,Gram+,MIC,2.56,uM,microdilution,Daniele-Silva_2025;Da_Costa_2025,bancada,experimental,bench,,from_docx_caracteristicas_fisico_quimicas
P18,FLKMIPRLIKRLISAFK,E_faecalis_ATCC29212,Enterococcus faecalis ATCC 29212,Gram+,MIC,5.12,uM,microdilution,Daniele-Silva_2025;Da_Costa_2025,bancada,experimental,bench,,from_docx_caracteristicas_fisico_quimicas
P18,FLKMIPRLIKRLISAFK,E_coli_ATCC25922,Escherichia coli ATCC 25922,Gram-,MIC,2.56,uM,microdilution,Daniele-Silva_2025;Da_Costa_2025,bancada,experimental,bench,,from_docx_caracteristicas_fisico_quimicas
P18,FLKMIPRLIKRLISAFK,P_aeruginosa_ATCC27853,Pseudomonas aeruginosa ATCC 27853,Gram-,MIC,5.12,uM,microdilution,Daniele-Silva_2025;Da_Costa_2025,bancada,experimental,bench,,from_docx_caracteristicas_fisico_quimicas
P18,FLKMIPRLIKRLISAFK,K_pneumoniae_ATCC23357,Klebsiella pneumoniae ATCC 23357,Gram-,MIC,10.2,uM,microdilution,Daniele-Silva_2025;Da_Costa_2025,bancada,experimental,bench,,from_docx_caracteristicas_fisico_quimicas
P05,FLGMIPGLIGGLISAFK,S_aureus_UFPEDA1051,Staphylococcus aureus UFPEDA1051,Gram+,MIC,24.98,uM,microdilution,Daniele-Silva_2025,bancada,experimental,bench,,clinical_isolate_from_docx
P05,FLGMIPGLIGGLISAFK,S_aureus_UFPEDA1058,Staphylococcus aureus UFPEDA1058,Gram+,MIC,24.98,uM,microdilution,Daniele-Silva_2025,bancada,experimental,bench,,clinical_isolate_from_docx
P05,FLGMIPGLIGGLISAFK,S_aureus_UFPEDA1059,Staphylococcus aureus UFPEDA1059,Gram+,MIC,21.96,uM,microdilution,Daniele-Silva_2025,bancada,experimental,bench,,clinical_isolate_from_docx
P17,FLRMIPGLIRGLIRAFR,S_aureus_UFPEDA1059,Staphylococcus aureus UFPEDA1059,Gram+,MIC,2.51,uM,microdilution,Da_Costa_2025,bancada,experimental,bench,,clinical_isolate_from_docx
P18,FLKMIPRLIKRLISAFK,S_aureus_UFPEDA1059,Staphylococcus aureus UFPEDA1059,Gram+,MIC,2.5,uM,microdilution,Da_Costa_2025,bancada,experimental,bench,,clinical_isolate_from_docx
P13,FFSLIPKLVGKLISAFK,S_aureus_UFPEDA1058,Staphylococcus aureus UFPEDA1058,Gram+,MIC,1.87,uM,microdilution,Furtado_2022,bancada,experimental,bench,,clinical_isolate_from_docx
P14,FFSLIPKLVGKLIKAFK,S_aureus_UFPEDA1058,Staphylococcus aureus UFPEDA1058,Gram+,MIC,1.87,uM,microdilution,Furtado_2022,bancada,experimental,bench,,clinical_isolate_from_docx
