peptide_id,sequence,target_id,target,target_type,q_peptide,h_peptide,mu_h_peptide,surface_charge,anionic_fraction,cholesterol,lps,peptidoglycan,ergosterol,viral_envelope,pmi,pmi_normal,pmi_sel,mic_value,mic_unit,mic_source,mic_confidence,mbc_value,mbc_unit,mbc_source,mbc_confidence
P01,FFSLIPSLVGGLISAFK,S_aureus_ATCC29213,Staphylococcus aureus ATCC 29213,Gram+,3.0,0.78,0.67,-0.8,0.6,0.0,0,1,0,0,2.7960000000000003,0.29600000000000004,2.5,,,,,,,,
P01,FFSLIPSLVGGLISAFK,S_epidermidis_ATCC12228,Staphylococcus epidermidis ATCC 12228,Gram+,3.0,0.78,0.67,-0.8,0.6,0.0,0,1,0,0,2.7960000000000003,0.29600000000000004,2.5,,,,,,,,
P01,FFSLIPSLVGGLISAFK,E_coli_ATCC25922,Escherichia coli ATCC 25922,Gram-,3.0,0.78,0.67,-0.9,0.65,0.0,1,1,0,0,3.096,0.29600000000000004,2.8,,,,,,,,
P01,FFSLIPSLVGGLISAFK,P_aeruginosa_ATCC27853,Pseudomonas aeruginosa ATCC 27853,Gram-,3.0,0.78,0.67,-0.9,0.65,0.0,1,1,0,0,3.096,0.29600000000000004,2.8,,,,,,,,
P01,FFSLIPSLVGGLISAFK,Candida_spp,Candida spp.,fungo,3.0,0.78,0.67,-0.4,0.25,0.0,0,0,1,0,1.5960000000000003,0.29600000000000004,1.3000000000000003,,,,,,,,
P01,FFSLIPSLVGGLISAFK,T_cruzi,Trypanosoma cruzi,parasita,3.0,0.78,0.67,-0.5,0.3,0.0,0,0,1,0,1.8960000000000001,0.29600000000000004,1.6,,,,,,,,
P01,FFSLIPSLVGGLISAFK,Zika_PE243,Zika virus PE243,vírus envelopado,3.0,0.78,0.67,-0.3,0.2,1.0,0,0,0,1,0.896,0.29600000000000004,0.6,,,,,,,,
P01,FFSLIPSLVGGLISAFK,HSV1,Herpes simplex virus type 1,vírus envelopado,3.0,0.78,0.67,-0.3,0.2,1.0,0,0,0,1,0.896,0.29600000000000004,0.6,,,,,,,,
P01,FFSLIPSLVGGLISAFK,cell_normal,célula mamífera normal,mamífero normal,3.0,0.78,0.67,-0.1,0.1,1.0,0,0,0,0,0.29600000000000004,0.29600000000000004,0.0,,,,,,,,
P01,FFSLIPSLVGGLISAFK,cell_tumor,célula tumoral,célula tumoral,3.0,0.78,0.67,-0.4,0.25,1.0,0,0,0,0,1.1960000000000002,0.29600000000000004,0.9000000000000001,,,,,,,,
P01,FFSLIPSLVGGLISAFK,S_aureus_UFPEDA1040,Staphylococcus aureus UFPEDA1040,Gram+,3.0,0.78,0.67,-0.8,0.6,0.0,0,1,0,0,2.7960000000000003,0.29600000000000004,2.5,,,,,,,,
P01,FFSLIPSLVGGLISAFK,S_aureus_UFPEDA1051,Staphylococcus aureus UFPEDA1051,Gram+,3.0,0.78,0.67,-0.8,0.6,0.0,0,1,0,0,2.7960000000000003,0.29600000000000004,2.5,,,,,,,,
P01,FFSLIPSLVGGLISAFK,S_aureus_UFPEDA1058,Staphylococcus aureus UFPEDA1058,Gram+,3.0,0.78,0.67,-0.8,0.6,0.0,0,1,0,0,2.7960000000000003,0.29600000000000004,2.5,,,,,,,,
P01,FFSLIPSLVGGLISAFK,S_aureus_UFPEDA1059,Staphylococcus aureus UFPEDA1059,Gram+,3.0,0.78,0.67,-0.8,0.6,0.0,0,1,0,0,2.7960000000000003,0.29600000000000004,2.5,,,,,,,,
P01,FFSLIPSLVGGLISAFK,P_aeruginosa_UFPEDA261,Pseudomonas aeruginosa UFPEDA261,Gram-,3.0,0.78,0.67,-0.9,0.65,0.0,1,1,0,0,3.096,0.29600000000000004,2.8,,,,,,,,
P01,FFSLIPSLVGGLISAFK,P_aeruginosa_UFPEDA262,Pseudomonas aeruginosa UFPEDA262,Gram-,3.0,0.78,0.67,-0.9,0.65,0.0,1,1,0,0,3.096,0.29600000000000004,2.8,,,,,,,,
P02,FFSLIPSLVGLISAFK,S_aureus_ATCC29213,Staphylococcus aureus ATCC 29213,Gram+,4.0,0.78,0.65,-0.8,0.6,0.0,0,1,0,0,3.59,0.39,3.1999999999999997,,,,,,,,
P02,FFSLIPSLVGLISAFK,S_epidermidis_ATCC12228,Staphylococcus epidermidis ATCC 12228,Gram+,4.0,0.78,0.65,-0.8,0.6,0.0,0,1,0,0,3.59,0.39,3.1999999999999997,,,,,,,,
P02,FFSLIPSLVGLISAFK,E_coli_ATCC25922,Escherichia coli ATCC 25922,Gram-,4.0,0.78,0.65,-0.9,0.65,0.0,1,1,0,0,3.9899999999999998,0.39,3.5999999999999996,,,,,,,,
P02,FFSLIPSLVGLISAFK,P_aeruginosa_ATCC27853,Pseudomonas aeruginosa ATCC 27853,Gram-,4.0,0.78,0.65,-0.9,0.65,0.0,1,1,0,0,3.9899999999999998,0.39,3.5999999999999996,,,,,,,,
P02,FFSLIPSLVGLISAFK,Candida_spp,Candida spp.,fungo,4.0,0.78,0.65,-0.4,0.25,0.0,0,0,1,0,1.9900000000000002,0.39,1.6,,,,,,,,
P02,FFSLIPSLVGLISAFK,T_cruzi,Trypanosoma cruzi,parasita,4.0,0.78,0.65,-0.5,0.3,0.0,0,0,1,0,2.3899999999999997,0.39,1.9999999999999996,,,,,,,,
P02,FFSLIPSLVGLISAFK,Zika_PE243,Zika virus PE243,vírus envelopado,4.0,0.78,0.65,-0.3,0.2,1.0,0,0,0,1,1.19,0.39,0.7999999999999999,,,,,,,,
P02,FFSLIPSLVGLISAFK,HSV1,Herpes simplex virus type 1,vírus envelopado,4.0,0.78,0.65,-0.3,0.2,1.0,0,0,0,1,1.19,0.39,0.7999999999999999,,,,,,,,
P02,FFSLIPSLVGLISAFK,cell_normal,célula mamífera normal,mamífero normal,4.0,0.78,0.65,-0.1,0.1,1.0,0,0,0,0,0.39,0.39,0.0,,,,,,,,
P02,FFSLIPSLVGLISAFK,cell_tumor,célula tumoral,célula tumoral,4.0,0.78,0.65,-0.4,0.25,1.0,0,0,0,0,1.5900000000000003,0.39,1.2000000000000002,,,,,,,,
P02,FFSLIPSLVGLISAFK,S_aureus_UFPEDA1040,Staphylococcus aureus UFPEDA1040,Gram+,4.0,0.78,0.65,-0.8,0.6,0.0,0,1,0,0,3.59,0.39,3.1999999999999997,,,,,,,,
P02,FFSLIPSLVGLISAFK,S_aureus_UFPEDA1051,Staphylococcus aureus UFPEDA1051,Gram+,4.0,0.78,0.65,-0.8,0.6,0.0,0,1,0,0,3.59,0.39,3.1999999999999997,,,,,,,,
P02,FFSLIPSLVGLISAFK,S_aureus_UFPEDA1058,Staphylococcus aureus UFPEDA1058,Gram+,4.0,0.78,0.65,-0.8,0.6,0.0,0,1,0,0,3.59,0.39,3.1999999999999997,,,,,,,,
P02,FFSLIPSLVGLISAFK,S_aureus_UFPEDA1059,Staphylococcus aureus UFPEDA1059,Gram+,4.0,0.78,0.65,-0.8,0.6,0.0,0,1,0,0,3.59,0.39,3.1999999999999997,,,,,,,,
P02,FFSLIPSLVGLISAFK,P_aeruginosa_UFPEDA261,Pseudomonas aeruginosa UFPEDA261,Gram-,4.0,0.78,0.65,-0.9,0.65,0.0,1,1,0,0,3.9899999999999998,0.39,3.5999999999999996,,,,,,,,
P02,FFSLIPSLVGLISAFK,P_aeruginosa_UFPEDA262,Pseudomonas aeruginosa UFPEDA262,Gram-,4.0,0.78,0.65,-0.9,0.65,0.0,1,1,0,0,3.9899999999999998,0.39,3.5999999999999996,,,,,,,,
P03,FFSLIPSLVGGLISAFK,S_aureus_ATCC29213,Staphylococcus aureus ATCC 29213,Gram+,4.0,0.72,0.72,-0.8,0.6,0.0,0,1,0,0,3.5960000000000005,0.396,3.2000000000000006,,,,,,,,
P03,FFSLIPSLVGGLISAFK,S_epidermidis_ATCC12228,Staphylococcus epidermidis ATCC 12228,Gram+,4.0,0.72,0.72,-0.8,0.6,0.0,0,1,0,0,3.5960000000000005,0.396,3.2000000000000006,,,,,,,,
P03,FFSLIPSLVGGLISAFK,E_coli_ATCC25922,Escherichia coli ATCC 25922,Gram-,4.0,0.72,0.72,-0.9,0.65,0.0,1,1,0,0,3.9960000000000004,0.396,3.6000000000000005,,,,,,,,
P03,FFSLIPSLVGGLISAFK,P_aeruginosa_ATCC27853,Pseudomonas aeruginosa ATCC 27853,Gram-,4.0,0.72,0.72,-0.9,0.65,0.0,1,1,0,0,3.9960000000000004,0.396,3.6000000000000005,,,,,,,,
P03,FFSLIPSLVGGLISAFK,Candida_spp,Candida spp.,fungo,4.0,0.72,0.72,-0.4,0.25,0.0,0,0,1,0,1.996,0.396,1.6,,,,,,,,
P03,FFSLIPSLVGGLISAFK,T_cruzi,Trypanosoma cruzi,parasita,4.0,0.72,0.72,-0.5,0.3,0.0,0,0,1,0,2.3960000000000004,0.396,2.0000000000000004,,,,,,,,
P03,FFSLIPSLVGGLISAFK,Zika_PE243,Zika virus PE243,vírus envelopado,4.0,0.72,0.72,-0.3,0.2,1.0,0,0,0,1,1.1959999999999997,0.396,0.7999999999999997,,,,,,,,
P03,FFSLIPSLVGGLISAFK,HSV1,Herpes simplex virus type 1,vírus envelopado,4.0,0.72,0.72,-0.3,0.2,1.0,0,0,0,1,1.1959999999999997,0.396,0.7999999999999997,,,,,,,,
P03,FFSLIPSLVGGLISAFK,cell_normal,célula mamífera normal,mamífero normal,4.0,0.72,0.72,-0.1,0.1,1.0,0,0,0,0,0.396,0.396,0.0,,,,,,,,
P03,FFSLIPSLVGGLISAFK,cell_tumor,célula tumoral,célula tumoral,4.0,0.72,0.72,-0.4,0.25,1.0,0,0,0,0,1.596,0.396,1.2000000000000002,,,,,,,,
P03,FFSLIPSLVGGLISAFK,S_aureus_UFPEDA1040,Staphylococcus aureus UFPEDA1040,Gram+,4.0,0.72,0.72,-0.8,0.6,0.0,0,1,0,0,3.5960000000000005,0.396,3.2000000000000006,,,,,,,,
P03,FFSLIPSLVGGLISAFK,S_aureus_UFPEDA1051,Staphylococcus aureus UFPEDA1051,Gram+,4.0,0.72,0.72,-0.8,0.6,0.0,0,1,0,0,3.5960000000000005,0.396,3.2000000000000006,,,,,,,,
P03,FFSLIPSLVGGLISAFK,S_aureus_UFPEDA1058,Staphylococcus aureus UFPEDA1058,Gram+,4.0,0.72,0.72,-0.8,0.6,0.0,0,1,0,0,3.5960000000000005,0.396,3.2000000000000006,,,,,,,,
P03,FFSLIPSLVGGLISAFK,S_aureus_UFPEDA1059,Staphylococcus aureus UFPEDA1059,Gram+,4.0,0.72,0.72,-0.8,0.6,0.0,0,1,0,0,3.5960000000000005,0.396,3.2000000000000006,,,,,,,,
P03,FFSLIPSLVGGLISAFK,P_aeruginosa_UFPEDA261,Pseudomonas aeruginosa UFPEDA261,Gram-,4.0,0.72,0.72,-0.9,0.65,0.0,1,1,0,0,3.9960000000000004,0.396,3.6000000000000005,,,,,,,,
P03,FFSLIPSLVGGLISAFK,P_aeruginosa_UFPEDA262,Pseudomonas aeruginosa UFPEDA262,Gram-,4.0,0.72,0.72,-0.9,0.65,0.0,1,1,0,0,3.9960000000000004,0.396,3.6000000000000005,,,,,,,,
P04,FFSLIPSLVGLISAFK,S_aureus_ATCC29213,Staphylococcus aureus ATCC 29213,Gram+,5.0,0.72,0.7,-0.8,0.6,0.0,0,1,0,0,4.39,0.4899999999999999,3.9,,,,,,,,
P04,FFSLIPSLVGLISAFK,S_epidermidis_ATCC12228,Staphylococcus epidermidis ATCC 12228,Gram+,5.0,0.72,0.7,-0.8,0.6,0.0,0,1,0,0,4.39,0.4899999999999999,3.9,,,,,,,,
P04,FFSLIPSLVGLISAFK,E_coli_ATCC25922,Escherichia coli ATCC 25922,Gram-,5.0,0.72,0.7,-0.9,0.65,0.0,1,1,0,0,4.89,0.4899999999999999,4.3999999999999995,,,,,,,,
P04,FFSLIPSLVGLISAFK,P_aeruginosa_ATCC27853,Pseudomonas aeruginosa ATCC 27853,Gram-,5.0,0.72,0.7,-0.9,0.65,0.0,1,1,0,0,4.89,0.4899999999999999,4.3999999999999995,,,,,,,,
P04,FFSLIPSLVGLISAFK,Candida_spp,Candida spp.,fungo,5.0,0.72,0.7,-0.4,0.25,0.0,0,0,1,0,2.39,0.4899999999999999,1.9000000000000004,,,,,,,,
P04,FFSLIPSLVGLISAFK,T_cruzi,Trypanosoma cruzi,parasita,5.0,0.72,0.7,-0.5,0.3,0.0,0,0,1,0,2.89,0.4899999999999999,2.4000000000000004,,,,,,,,
P04,FFSLIPSLVGLISAFK,Zika_PE243,Zika virus PE243,vírus envelopado,5.0,0.72,0.7,-0.3,0.2,1.0,0,0,0,1,1.4899999999999998,0.4899999999999999,0.9999999999999999,,,,,,,,
P04,FFSLIPSLVGLISAFK,HSV1,Herpes simplex virus type 1,vírus envelopado,5.0,0.72,0.7,-0.3,0.2,1.0,0,0,0,1,1.4899999999999998,0.4899999999999999,0.9999999999999999,,,,,,,,
P04,FFSLIPSLVGLISAFK,cell_normal,célula mamífera normal,mamífero normal,5.0,0.72,0.7,-0.1,0.1,1.0,0,0,0,0,0.4899999999999999,0.4899999999999999,0.0,,,,,,,,
P04,FFSLIPSLVGLISAFK,cell_tumor,célula tumoral,célula tumoral,5.0,0.72,0.7,-0.4,0.25,1.0,0,0,0,0,1.9900000000000002,0.4899999999999999,1.5000000000000004,,,,,,,,
P04,FFSLIPSLVGLISAFK,S_aureus_UFPEDA1040,Staphylococcus aureus UFPEDA1040,Gram+,5.0,0.72,0.7,-0.8,0.6,0.0,0,1,0,0,4.39,0.4899999999999999,3.9,,,,,,,,
P04,FFSLIPSLVGLISAFK,S_aureus_UFPEDA1051,Staphylococcus aureus UFPEDA1051,Gram+,5.0,0.72,0.7,-0.8,0.6,0.0,0,1,0,0,4.39,0.4899999999999999,3.9,,,,,,,,
P04,FFSLIPSLVGLISAFK,S_aureus_UFPEDA1058,Staphylococcus aureus UFPEDA1058,Gram+,5.0,0.72,0.7,-0.8,0.6,0.0,0,1,0,0,4.39,0.4899999999999999,3.9,,,,,,,,
P04,FFSLIPSLVGLISAFK,S_aureus_UFPEDA1059,Staphylococcus aureus UFPEDA1059,Gram+,5.0,0.72,0.7,-0.8,0.6,0.0,0,1,0,0,4.39,0.4899999999999999,3.9,,,,,,,,
P04,FFSLIPSLVGLISAFK,P_aeruginosa_UFPEDA261,Pseudomonas aeruginosa UFPEDA261,Gram-,5.0,0.72,0.7,-0.9,0.65,0.0,1,1,0,0,4.89,0.4899999999999999,4.3999999999999995,,,,,,,,
P04,FFSLIPSLVGLISAFK,P_aeruginosa_UFPEDA262,Pseudomonas aeruginosa UFPEDA262,Gram-,5.0,0.72,0.7,-0.9,0.65,0.0,1,1,0,0,4.89,0.4899999999999999,4.3999999999999995,,,,,,,,
P05,FLGMIPGLIGGLISAFK,S_aureus_ATCC29213,Staphylococcus aureus ATCC 29213,Gram+,2.0,0.9,0.59,-0.8,0.6,0.0,0,1,0,0,2.0020000000000002,0.20200000000000007,1.8000000000000003,,,,,,,,
P05,FLGMIPGLIGGLISAFK,S_epidermidis_ATCC12228,Staphylococcus epidermidis ATCC 12228,Gram+,2.0,0.9,0.59,-0.8,0.6,0.0,0,1,0,0,2.0020000000000002,0.20200000000000007,1.8000000000000003,,,,,,,,
P05,FLGMIPGLIGGLISAFK,E_coli_ATCC25922,Escherichia coli ATCC 25922,Gram-,2.0,0.9,0.59,-0.9,0.65,0.0,1,1,0,0,2.202,0.20200000000000007,2.0,,,,,,,,
P05,FLGMIPGLIGGLISAFK,P_aeruginosa_ATCC27853,Pseudomonas aeruginosa ATCC 27853,Gram-,2.0,0.9,0.59,-0.9,0.65,0.0,1,1,0,0,2.202,0.20200000000000007,2.0,,,,,,,,
P05,FLGMIPGLIGGLISAFK,Candida_spp,Candida spp.,fungo,2.0,0.9,0.59,-0.4,0.25,0.0,0,0,1,0,1.2020000000000002,0.20200000000000007,1.0,,,,,,,,
P05,FLGMIPGLIGGLISAFK,T_cruzi,Trypanosoma cruzi,parasita,2.0,0.9,0.59,-0.5,0.3,0.0,0,0,1,0,1.4020000000000001,0.20200000000000007,1.2000000000000002,,,,,,,,
P05,FLGMIPGLIGGLISAFK,Zika_PE243,Zika virus PE243,vírus envelopado,2.0,0.9,0.59,-0.3,0.2,1.0,0,0,0,1,0.602,0.20200000000000007,0.3999999999999999,,,,,,,,
P05,FLGMIPGLIGGLISAFK,HSV1,Herpes simplex virus type 1,vírus envelopado,2.0,0.9,0.59,-0.3,0.2,1.0,0,0,0,1,0.602,0.20200000000000007,0.3999999999999999,,,,,,,,
P05,FLGMIPGLIGGLISAFK,cell_normal,célula mamífera normal,mamífero normal,2.0,0.9,0.59,-0.1,0.1,1.0,0,0,0,0,0.20200000000000007,0.20200000000000007,0.0,,,,,,,,
P05,FLGMIPGLIGGLISAFK,cell_tumor,célula tumoral,célula tumoral,2.0,0.9,0.59,-0.4,0.25,1.0,0,0,0,0,0.8020000000000002,0.20200000000000007,0.6000000000000001,,,,,,,,
P05,FLGMIPGLIGGLISAFK,S_aureus_UFPEDA1040,Staphylococcus aureus UFPEDA1040,Gram+,2.0,0.9,0.59,-0.8,0.6,0.0,0,1,0,0,2.0020000000000002,0.20200000000000007,1.8000000000000003,,,,,,,,
P05,FLGMIPGLIGGLISAFK,S_aureus_UFPEDA1051,Staphylococcus aureus UFPEDA1051,Gram+,2.0,0.9,0.59,-0.8,0.6,0.0,0,1,0,0,2.0020000000000002,0.20200000000000007,1.8000000000000003,,,,,,,,
P05,FLGMIPGLIGGLISAFK,S_aureus_UFPEDA1058,Staphylococcus aureus UFPEDA1058,Gram+,2.0,0.9,0.59,-0.8,0.6,0.0,0,1,0,0,2.0020000000000002,0.20200000000000007,1.8000000000000003,,,,,,,,
P05,FLGMIPGLIGGLISAFK,S_aureus_UFPEDA1059,Staphylococcus aureus UFPEDA1059,Gram+,2.0,0.9,0.59,-0.8,0.6,0.0,0,1,0,0,2.0020000000000002,0.20200000000000007,1.8000000000000003,,,,,,,,
P05,FLGMIPGLIGGLISAFK,P_aeruginosa_UFPEDA261,Pseudomonas aeruginosa UFPEDA261,Gram-,2.0,0.9,0.59,-0.9,0.65,0.0,1,1,0,0,2.202,0.20200000000000007,2.0,,,,,,,,
P05,FLGMIPGLIGGLISAFK,P_aeruginosa_UFPEDA262,Pseudomonas aeruginosa UFPEDA262,Gram-,2.0,0.9,0.59,-0.9,0.65,0.0,1,1,0,0,2.202,0.20200000000000007,2.0,,,,,,,,
P06,FLGMIPGLIGGLISAFK,S_aureus_ATCC29213,Staphylococcus aureus ATCC 29213,Gram+,5.0,0.72,0.75,-0.8,0.6,0.0,0,1,0,0,4.404999999999999,0.5049999999999999,3.8999999999999995,,,,,,,,
P06,FLGMIPGLIGGLISAFK,S_epidermidis_ATCC12228,Staphylococcus epidermidis ATCC 12228,Gram+,5.0,0.72,0.75,-0.8,0.6,0.0,0,1,0,0,4.404999999999999,0.5049999999999999,3.8999999999999995,,,,,,,,
P06,FLGMIPGLIGGLISAFK,E_coli_ATCC25922,Escherichia coli ATCC 25922,Gram-,5.0,0.72,0.75,-0.9,0.65,0.0,1,1,0,0,4.904999999999999,0.5049999999999999,4.3999999999999995,,,,,,,,
P06,FLGMIPGLIGGLISAFK,P_aeruginosa_ATCC27853,Pseudomonas aeruginosa ATCC 27853,Gram-,5.0,0.72,0.75,-0.9,0.65,0.0,1,1,0,0,4.904999999999999,0.5049999999999999,4.3999999999999995,,,,,,,,
P06,FLGMIPGLIGGLISAFK,Candida_spp,Candida spp.,fungo,5.0,0.72,0.75,-0.4,0.25,0.0,0,0,1,0,2.4050000000000002,0.5049999999999999,1.9000000000000004,,,,,,,,
P06,FLGMIPGLIGGLISAFK,T_cruzi,Trypanosoma cruzi,parasita,5.0,0.72,0.75,-0.5,0.3,0.0,0,0,1,0,2.9050000000000002,0.5049999999999999,2.4000000000000004,,,,,,,,
P06,FLGMIPGLIGGLISAFK,Zika_PE243,Zika virus PE243,vírus envelopado,5.0,0.72,0.75,-0.3,0.2,1.0,0,0,0,1,1.505,0.5049999999999999,1.0,,,,,,,,
P06,FLGMIPGLIGGLISAFK,HSV1,Herpes simplex virus type 1,vírus envelopado,5.0,0.72,0.75,-0.3,0.2,1.0,0,0,0,1,1.505,0.5049999999999999,1.0,,,,,,,,
P06,FLGMIPGLIGGLISAFK,cell_normal,célula mamífera normal,mamífero normal,5.0,0.72,0.75,-0.1,0.1,1.0,0,0,0,0,0.5049999999999999,0.5049999999999999,0.0,,,,,,,,
P06,FLGMIPGLIGGLISAFK,cell_tumor,célula tumoral,célula tumoral,5.0,0.72,0.75,-0.4,0.25,1.0,0,0,0,0,2.0050000000000003,0.5049999999999999,1.5000000000000004,,,,,,,,
P06,FLGMIPGLIGGLISAFK,S_aureus_UFPEDA1040,Staphylococcus aureus UFPEDA1040,Gram+,5.0,0.72,0.75,-0.8,0.6,0.0,0,1,0,0,4.404999999999999,0.5049999999999999,3.8999999999999995,,,,,,,,
P06,FLGMIPGLIGGLISAFK,S_aureus_UFPEDA1051,Staphylococcus aureus UFPEDA1051,Gram+,5.0,0.72,0.75,-0.8,0.6,0.0,0,1,0,0,4.404999999999999,0.5049999999999999,3.8999999999999995,,,,,,,,
P06,FLGMIPGLIGGLISAFK,S_aureus_UFPEDA1058,Staphylococcus aureus UFPEDA1058,Gram+,5.0,0.72,0.75,-0.8,0.6,0.0,0,1,0,0,4.404999999999999,0.5049999999999999,3.8999999999999995,,,,,,,,
P06,FLGMIPGLIGGLISAFK,S_aureus_UFPEDA1059,Staphylococcus aureus UFPEDA1059,Gram+,5.0,0.72,0.75,-0.8,0.6,0.0,0,1,0,0,4.404999999999999,0.5049999999999999,3.8999999999999995,,,,,,,,
P06,FLGMIPGLIGGLISAFK,P_aeruginosa_UFPEDA261,Pseudomonas aeruginosa UFPEDA261,Gram-,5.0,0.72,0.75,-0.9,0.65,0.0,1,1,0,0,4.904999999999999,0.5049999999999999,4.3999999999999995,,,,,,,,
P06,FLGMIPGLIGGLISAFK,P_aeruginosa_UFPEDA262,Pseudomonas aeruginosa UFPEDA262,Gram-,5.0,0.72,0.75,-0.9,0.65,0.0,1,1,0,0,4.904999999999999,0.5049999999999999,4.3999999999999995,,,,,,,,
P07,FLGMIPGLIGGLISAFK,S_aureus_ATCC29213,Staphylococcus aureus ATCC 29213,Gram+,3.0,0.78,0.7,-0.8,0.6,0.0,0,1,0,0,2.805,0.30500000000000005,2.5,,,,,,,,
P07,FLGMIPGLIGGLISAFK,S_epidermidis_ATCC12228,Staphylococcus epidermidis ATCC 12228,Gram+,3.0,0.78,0.7,-0.8,0.6,0.0,0,1,0,0,2.805,0.30500000000000005,2.5,,,,,,,,
P07,FLGMIPGLIGGLISAFK,E_coli_ATCC25922,Escherichia coli ATCC 25922,Gram-,3.0,0.78,0.7,-0.9,0.65,0.0,1,1,0,0,3.105,0.30500000000000005,2.8,,,,,,,,
P07,FLGMIPGLIGGLISAFK,P_aeruginosa_ATCC27853,Pseudomonas aeruginosa ATCC 27853,Gram-,3.0,0.78,0.7,-0.9,0.65,0.0,1,1,0,0,3.105,0.30500000000000005,2.8,,,,,,,,
P07,FLGMIPGLIGGLISAFK,Candida_spp,Candida spp.,fungo,3.0,0.78,0.7,-0.4,0.25,0.0,0,0,1,0,1.6050000000000002,0.30500000000000005,1.3000000000000003,,,,,,,,
P07,FLGMIPGLIGGLISAFK,T_cruzi,Trypanosoma cruzi,parasita,3.0,0.78,0.7,-0.5,0.3,0.0,0,0,1,0,1.905,0.30500000000000005,1.6,,,,,,,,
P07,FLGMIPGLIGGLISAFK,Zika_PE243,Zika virus PE243,vírus envelopado,3.0,0.78,0.7,-0.3,0.2,1.0,0,0,0,1,0.9049999999999999,0.30500000000000005,0.5999999999999999,,,,,,,,
P07,FLGMIPGLIGGLISAFK,HSV1,Herpes simplex virus type 1,vírus envelopado,3.0,0.78,0.7,-0.3,0.2,1.0,0,0,0,1,0.9049999999999999,0.30500000000000005,0.5999999999999999,,,,,,,,
P07,FLGMIPGLIGGLISAFK,cell_normal,célula mamífera normal,mamífero normal,3.0,0.78,0.7,-0.1,0.1,1.0,0,0,0,0,0.30500000000000005,0.30500000000000005,0.0,,,,,,,,
P07,FLGMIPGLIGGLISAFK,cell_tumor,célula tumoral,célula tumoral,3.0,0.78,0.7,-0.4,0.25,1.0,0,0,0,0,1.205,0.30500000000000005,0.9,,,,,,,,
P07,FLGMIPGLIGGLISAFK,S_aureus_UFPEDA1040,Staphylococcus aureus UFPEDA1040,Gram+,3.0,0.78,0.7,-0.8,0.6,0.0,0,1,0,0,2.805,0.30500000000000005,2.5,,,,,,,,
P07,FLGMIPGLIGGLISAFK,S_aureus_UFPEDA1051,Staphylococcus aureus UFPEDA1051,Gram+,3.0,0.78,0.7,-0.8,0.6,0.0,0,1,0,0,2.805,0.30500000000000005,2.5,,,,,,,,
P07,FLGMIPGLIGGLISAFK,S_aureus_UFPEDA1058,Staphylococcus aureus UFPEDA1058,Gram+,3.0,0.78,0.7,-0.8,0.6,0.0,0,1,0,0,2.805,0.30500000000000005,2.5,,,,,,,,
P07,FLGMIPGLIGGLISAFK,S_aureus_UFPEDA1059,Staphylococcus aureus UFPEDA1059,Gram+,3.0,0.78,0.7,-0.8,0.6,0.0,0,1,0,0,2.805,0.30500000000000005,2.5,,,,,,,,
P07,FLGMIPGLIGGLISAFK,P_aeruginosa_UFPEDA261,Pseudomonas aeruginosa UFPEDA261,Gram-,3.0,0.78,0.7,-0.9,0.65,0.0,1,1,0,0,3.105,0.30500000000000005,2.8,,,,,,,,
P07,FLGMIPGLIGGLISAFK,P_aeruginosa_UFPEDA262,Pseudomonas aeruginosa UFPEDA262,Gram-,3.0,0.78,0.7,-0.9,0.65,0.0,1,1,0,0,3.105,0.30500000000000005,2.8,,,,,,,,
P08,FLGMIPGLIGGLISAFK,S_aureus_ATCC29213,Staphylococcus aureus ATCC 29213,Gram+,5.0,0.78,0.7,-0.8,0.6,0.0,0,1,0,0,4.405,0.505,3.9000000000000004,,,,,,,,
P08,FLGMIPGLIGGLISAFK,S_epidermidis_ATCC12228,Staphylococcus epidermidis ATCC 12228,Gram+,5.0,0.78,0.7,-0.8,0.6,0.0,0,1,0,0,4.405,0.505,3.9000000000000004,,,,,,,,
P08,FLGMIPGLIGGLISAFK,E_coli_ATCC25922,Escherichia coli ATCC 25922,Gram-,5.0,0.78,0.7,-0.9,0.65,0.0,1,1,0,0,4.905,0.505,4.4,,,,,,,,
P08,FLGMIPGLIGGLISAFK,P_aeruginosa_ATCC27853,Pseudomonas aeruginosa ATCC 27853,Gram-,5.0,0.78,0.7,-0.9,0.65,0.0,1,1,0,0,4.905,0.505,4.4,,,,,,,,
P08,FLGMIPGLIGGLISAFK,Candida_spp,Candida spp.,fungo,5.0,0.78,0.7,-0.4,0.25,0.0,0,0,1,0,2.405,0.505,1.9,,,,,,,,
P08,FLGMIPGLIGGLISAFK,T_cruzi,Trypanosoma cruzi,parasita,5.0,0.78,0.7,-0.5,0.3,0.0,0,0,1,0,2.905,0.505,2.4,,,,,,,,
P08,FLGMIPGLIGGLISAFK,Zika_PE243,Zika virus PE243,vírus envelopado,5.0,0.78,0.7,-0.3,0.2,1.0,0,0,0,1,1.505,0.505,0.9999999999999999,,,,,,,,
P08,FLGMIPGLIGGLISAFK,HSV1,Herpes simplex virus type 1,vírus envelopado,5.0,0.78,0.7,-0.3,0.2,1.0,0,0,0,1,1.505,0.505,0.9999999999999999,,,,,,,,
P08,FLGMIPGLIGGLISAFK,cell_normal,célula mamífera normal,mamífero normal,5.0,0.78,0.7,-0.1,0.1,1.0,0,0,0,0,0.505,0.505,0.0,,,,,,,,
P08,FLGMIPGLIGGLISAFK,cell_tumor,célula tumoral,célula tumoral,5.0,0.78,0.7,-0.4,0.25,1.0,0,0,0,0,2.005,0.505,1.5,,,,,,,,
P08,FLGMIPGLIGGLISAFK,S_aureus_UFPEDA1040,Staphylococcus aureus UFPEDA1040,Gram+,5.0,0.78,0.7,-0.8,0.6,0.0,0,1,0,0,4.405,0.505,3.9000000000000004,,,,,,,,
P08,FLGMIPGLIGGLISAFK,S_aureus_UFPEDA1051,Staphylococcus aureus UFPEDA1051,Gram+,5.0,0.78,0.7,-0.8,0.6,0.0,0,1,0,0,4.405,0.505,3.9000000000000004,,,,,,,,
P08,FLGMIPGLIGGLISAFK,S_aureus_UFPEDA1058,Staphylococcus aureus UFPEDA1058,Gram+,5.0,0.78,0.7,-0.8,0.6,0.0,0,1,0,0,4.405,0.505,3.9000000000000004,,,,,,,,
P08,FLGMIPGLIGGLISAFK,S_aureus_UFPEDA1059,Staphylococcus aureus UFPEDA1059,Gram+,5.0,0.78,0.7,-0.8,0.6,0.0,0,1,0,0,4.405,0.505,3.9000000000000004,,,,,,,,
P08,FLGMIPGLIGGLISAFK,P_aeruginosa_UFPEDA261,Pseudomonas aeruginosa UFPEDA261,Gram-,5.0,0.78,0.7,-0.9,0.65,0.0,1,1,0,0,4.905,0.505,4.4,,,,,,,,
P08,FLGMIPGLIGGLISAFK,P_aeruginosa_UFPEDA262,Pseudomonas aeruginosa UFPEDA262,Gram-,5.0,0.78,0.7,-0.9,0.65,0.0,1,1,0,0,4.905,0.505,4.4,,,,,,,,
P09,FLGMIPGLIGGLISAFK,S_aureus_ATCC29213,Staphylococcus aureus ATCC 29213,Gram+,6.0,0.66,0.77,-0.8,0.6,0.0,0,1,0,0,5.196000000000001,0.5960000000000001,4.6000000000000005,,,,,,,,
P09,FLGMIPGLIGGLISAFK,S_epidermidis_ATCC12228,Staphylococcus epidermidis ATCC 12228,Gram+,6.0,0.66,0.77,-0.8,0.6,0.0,0,1,0,0,5.196000000000001,0.5960000000000001,4.6000000000000005,,,,,,,,
P09,FLGMIPGLIGGLISAFK,E_coli_ATCC25922,Escherichia coli ATCC 25922,Gram-,6.0,0.66,0.77,-0.9,0.65,0.0,1,1,0,0,5.796,0.5960000000000001,5.2,,,,,,,,
P09,FLGMIPGLIGGLISAFK,P_aeruginosa_ATCC27853,Pseudomonas aeruginosa ATCC 27853,Gram-,6.0,0.66,0.77,-0.9,0.65,0.0,1,1,0,0,5.796,0.5960000000000001,5.2,,,,,,,,
P09,FLGMIPGLIGGLISAFK,Candida_spp,Candida spp.,fungo,6.0,0.66,0.77,-0.4,0.25,0.0,0,0,1,0,2.7960000000000003,0.5960000000000001,2.2,,,,,,,,
P09,FLGMIPGLIGGLISAFK,T_cruzi,Trypanosoma cruzi,parasita,6.0,0.66,0.77,-0.5,0.3,0.0,0,0,1,0,3.396,0.5960000000000001,2.8,,,,,,,,
P09,FLGMIPGLIGGLISAFK,Zika_PE243,Zika virus PE243,vírus envelopado,6.0,0.66,0.77,-0.3,0.2,1.0,0,0,0,1,1.7959999999999998,0.5960000000000001,1.1999999999999997,,,,,,,,
P09,FLGMIPGLIGGLISAFK,HSV1,Herpes simplex virus type 1,vírus envelopado,6.0,0.66,0.77,-0.3,0.2,1.0,0,0,0,1,1.7959999999999998,0.5960000000000001,1.1999999999999997,,,,,,,,
P09,FLGMIPGLIGGLISAFK,cell_normal,célula mamífera normal,mamífero normal,6.0,0.66,0.77,-0.1,0.1,1.0,0,0,0,0,0.5960000000000001,0.5960000000000001,0.0,,,,,,,,
P09,FLGMIPGLIGGLISAFK,cell_tumor,célula tumoral,célula tumoral,6.0,0.66,0.77,-0.4,0.25,1.0,0,0,0,0,2.3960000000000004,0.5960000000000001,1.8000000000000003,,,,,,,,
P09,FLGMIPGLIGGLISAFK,S_aureus_UFPEDA1040,Staphylococcus aureus UFPEDA1040,Gram+,6.0,0.66,0.77,-0.8,0.6,0.0,0,1,0,0,5.196000000000001,0.5960000000000001,4.6000000000000005,,,,,,,,
P09,FLGMIPGLIGGLISAFK,S_aureus_UFPEDA1051,Staphylococcus aureus UFPEDA1051,Gram+,6.0,0.66,0.77,-0.8,0.6,0.0,0,1,0,0,5.196000000000001,0.5960000000000001,4.6000000000000005,,,,,,,,
P09,FLGMIPGLIGGLISAFK,S_aureus_UFPEDA1058,Staphylococcus aureus UFPEDA1058,Gram+,6.0,0.66,0.77,-0.8,0.6,0.0,0,1,0,0,5.196000000000001,0.5960000000000001,4.6000000000000005,,,,,,,,
P09,FLGMIPGLIGGLISAFK,S_aureus_UFPEDA1059,Staphylococcus aureus UFPEDA1059,Gram+,6.0,0.66,0.77,-0.8,0.6,0.0,0,1,0,0,5.196000000000001,0.5960000000000001,4.6000000000000005,,,,,,,,
P09,FLGMIPGLIGGLISAFK,P_aeruginosa_UFPEDA261,Pseudomonas aeruginosa UFPEDA261,Gram-,6.0,0.66,0.77,-0.9,0.65,0.0,1,1,0,0,5.796,0.5960000000000001,5.2,,,,,,,,
P09,FLGMIPGLIGGLISAFK,P_aeruginosa_UFPEDA262,Pseudomonas aeruginosa UFPEDA262,Gram-,6.0,0.66,0.77,-0.9,0.65,0.0,1,1,0,0,5.796,0.5960000000000001,5.2,,,,,,,,
P10,FFSLIPSLVGGLISAFK,S_aureus_ATCC29213,Staphylococcus aureus ATCC 29213,Gram+,3.0,0.78,0.67,-0.8,0.6,0.0,0,1,0,0,2.7960000000000003,0.29600000000000004,2.5,,,,,,,,
P10,FFSLIPSLVGGLISAFK,S_epidermidis_ATCC12228,Staphylococcus epidermidis ATCC 12228,Gram+,3.0,0.78,0.67,-0.8,0.6,0.0,0,1,0,0,2.7960000000000003,0.29600000000000004,2.5,,,,,,,,
P10,FFSLIPSLVGGLISAFK,E_coli_ATCC25922,Escherichia coli ATCC 25922,Gram-,3.0,0.78,0.67,-0.9,0.65,0.0,1,1,0,0,3.096,0.29600000000000004,2.8,,,,,,,,
P10,FFSLIPSLVGGLISAFK,P_aeruginosa_ATCC27853,Pseudomonas aeruginosa ATCC 27853,Gram-,3.0,0.78,0.67,-0.9,0.65,0.0,1,1,0,0,3.096,0.29600000000000004,2.8,,,,,,,,
P10,FFSLIPSLVGGLISAFK,Candida_spp,Candida spp.,fungo,3.0,0.78,0.67,-0.4,0.25,0.0,0,0,1,0,1.5960000000000003,0.29600000000000004,1.3000000000000003,,,,,,,,
P10,FFSLIPSLVGGLISAFK,T_cruzi,Trypanosoma cruzi,parasita,3.0,0.78,0.67,-0.5,0.3,0.0,0,0,1,0,1.8960000000000001,0.29600000000000004,1.6,,,,,,,,
P10,FFSLIPSLVGGLISAFK,Zika_PE243,Zika virus PE243,vírus envelopado,3.0,0.78,0.67,-0.3,0.2,1.0,0,0,0,1,0.896,0.29600000000000004,0.6,,,,,,,,
P10,FFSLIPSLVGGLISAFK,HSV1,Herpes simplex virus type 1,vírus envelopado,3.0,0.78,0.67,-0.3,0.2,1.0,0,0,0,1,0.896,0.29600000000000004,0.6,,,,,,,,
P10,FFSLIPSLVGGLISAFK,cell_normal,célula mamífera normal,mamífero normal,3.0,0.78,0.67,-0.1,0.1,1.0,0,0,0,0,0.29600000000000004,0.29600000000000004,0.0,,,,,,,,
P10,FFSLIPSLVGGLISAFK,cell_tumor,célula tumoral,célula tumoral,3.0,0.78,0.67,-0.4,0.25,1.0,0,0,0,0,1.1960000000000002,0.29600000000000004,0.9000000000000001,,,,,,,,
P10,FFSLIPSLVGGLISAFK,S_aureus_UFPEDA1040,Staphylococcus aureus UFPEDA1040,Gram+,3.0,0.78,0.67,-0.8,0.6,0.0,0,1,0,0,2.7960000000000003,0.29600000000000004,2.5,,,,,,,,
P10,FFSLIPSLVGGLISAFK,S_aureus_UFPEDA1051,Staphylococcus aureus UFPEDA1051,Gram+,3.0,0.78,0.67,-0.8,0.6,0.0,0,1,0,0,2.7960000000000003,0.29600000000000004,2.5,,,,,,,,
P10,FFSLIPSLVGGLISAFK,S_aureus_UFPEDA1058,Staphylococcus aureus UFPEDA1058,Gram+,3.0,0.78,0.67,-0.8,0.6,0.0,0,1,0,0,2.7960000000000003,0.29600000000000004,2.5,,,,,,,,
P10,FFSLIPSLVGGLISAFK,S_aureus_UFPEDA1059,Staphylococcus aureus UFPEDA1059,Gram+,3.0,0.78,0.67,-0.8,0.6,0.0,0,1,0,0,2.7960000000000003,0.29600000000000004,2.5,,,,,,,,
P10,FFSLIPSLVGGLISAFK,P_aeruginosa_UFPEDA261,Pseudomonas aeruginosa UFPEDA261,Gram-,3.0,0.78,0.67,-0.9,0.65,0.0,1,1,0,0,3.096,0.29600000000000004,2.8,,,,,,,,
P10,FFSLIPSLVGGLISAFK,P_aeruginosa_UFPEDA262,Pseudomonas aeruginosa UFPEDA262,Gram-,3.0,0.78,0.67,-0.9,0.65,0.0,1,1,0,0,3.096,0.29600000000000004,2.8,,,,,,,,
P11,FFSLIPKLVKGLISAFK,S_aureus_ATCC29213,Staphylococcus aureus ATCC 29213,Gram+,3.0,,,-0.8,0.6,0.0,0,1,0,0,,,,,,,,,,,
P11,FFSLIPKLVKGLISAFK,S_epidermidis_ATCC12228,Staphylococcus epidermidis ATCC 12228,Gram+,3.0,,,-0.8,0.6,0.0,0,1,0,0,,,,,,,,,,,
P11,FFSLIPKLVKGLISAFK,E_coli_ATCC25922,Escherichia coli ATCC 25922,Gram-,3.0,,,-0.9,0.65,0.0,1,1,0,0,,,,,,,,,,,
P11,FFSLIPKLVKGLISAFK,P_aeruginosa_ATCC27853,Pseudomonas aeruginosa ATCC 27853,Gram-,3.0,,,-0.9,0.65,0.0,1,1,0,0,,,,,,,,,,,
P11,FFSLIPKLVKGLISAFK,Candida_spp,Candida spp.,fungo,3.0,,,-0.4,0.25,0.0,0,0,1,0,,,,,,,,,,,
P11,FFSLIPKLVKGLISAFK,T_cruzi,Trypanosoma cruzi,parasita,3.0,,,-0.5,0.3,0.0,0,0,1,0,,,,,,,,,,,
P11,FFSLIPKLVKGLISAFK,Zika_PE243,Zika virus PE243,vírus envelopado,3.0,,,-0.3,0.2,1.0,0,0,0,1,,,,,,,,,,,
P11,FFSLIPKLVKGLISAFK,HSV1,Herpes simplex virus type 1,vírus envelopado,3.0,,,-0.3,0.2,1.0,0,0,0,1,,,,,,,,,,,
P11,FFSLIPKLVKGLISAFK,cell_normal,célula mamífera normal,mamífero normal,3.0,,,-0.1,0.1,1.0,0,0,0,0,,,,,,,,,,,
P11,FFSLIPKLVKGLISAFK,cell_tumor,célula tumoral,célula tumoral,3.0,,,-0.4,0.25,1.0,0,0,0,0,,,,,,,,,,,
P11,FFSLIPKLVKGLISAFK,S_aureus_UFPEDA1040,Staphylococcus aureus UFPEDA1040,Gram+,3.0,,,-0.8,0.6,0.0,0,1,0,0,,,,4.7,uM,literature,experimental,4.7,uM,literature,experimental
P11,FFSLIPKLVKGLISAFK,S_aureus_UFPEDA1051,Staphylococcus aureus UFPEDA1051,Gram+,3.0,,,-0.8,0.6,0.0,0,1,0,0,,,,2.3,uM,literature,experimental,3.4,uM,literature,experimental
P11,FFSLIPKLVKGLISAFK,S_aureus_UFPEDA1058,Staphylococcus aureus UFPEDA1058,Gram+,3.0,,,-0.8,0.6,0.0,0,1,0,0,,,,2.3,uM,literature,experimental,2.3,uM,literature,experimental
P11,FFSLIPKLVKGLISAFK,S_aureus_UFPEDA1059,Staphylococcus aureus UFPEDA1059,Gram+,3.0,,,-0.8,0.6,0.0,0,1,0,0,,,,4.7,uM,literature,experimental,4.7,uM,literature,experimental
P11,FFSLIPKLVKGLISAFK,P_aeruginosa_UFPEDA261,Pseudomonas aeruginosa UFPEDA261,Gram-,3.0,,,-0.9,0.65,0.0,1,1,0,0,,,,4.7,uM,literature,experimental,4.7,uM,literature,experimental
P11,FFSLIPKLVKGLISAFK,P_aeruginosa_UFPEDA262,Pseudomonas aeruginosa UFPEDA262,Gram-,3.0,,,-0.9,0.65,0.0,1,1,0,0,,,,4.7,uM,literature,experimental,4.7,uM,literature,experimental
P12,FFKLIPKLVKGLISAFK,S_aureus_ATCC29213,Staphylococcus aureus ATCC 29213,Gram+,4.0,,,-0.8,0.6,0.0,0,1,0,0,,,,,,,,,,,
P12,FFKLIPKLVKGLISAFK,S_epidermidis_ATCC12228,Staphylococcus epidermidis ATCC 12228,Gram+,4.0,,,-0.8,0.6,0.0,0,1,0,0,,,,,,,,,,,
P12,FFKLIPKLVKGLISAFK,E_coli_ATCC25922,Escherichia coli ATCC 25922,Gram-,4.0,,,-0.9,0.65,0.0,1,1,0,0,,,,,,,,,,,
P12,FFKLIPKLVKGLISAFK,P_aeruginosa_ATCC27853,Pseudomonas aeruginosa ATCC 27853,Gram-,4.0,,,-0.9,0.65,0.0,1,1,0,0,,,,,,,,,,,
P12,FFKLIPKLVKGLISAFK,Candida_spp,Candida spp.,fungo,4.0,,,-0.4,0.25,0.0,0,0,1,0,,,,,,,,,,,
P12,FFKLIPKLVKGLISAFK,T_cruzi,Trypanosoma cruzi,parasita,4.0,,,-0.5,0.3,0.0,0,0,1,0,,,,,,,,,,,
P12,FFKLIPKLVKGLISAFK,Zika_PE243,Zika virus PE243,vírus envelopado,4.0,,,-0.3,0.2,1.0,0,0,0,1,,,,,,,,,,,
P12,FFKLIPKLVKGLISAFK,HSV1,Herpes simplex virus type 1,vírus envelopado,4.0,,,-0.3,0.2,1.0,0,0,0,1,,,,,,,,,,,
P12,FFKLIPKLVKGLISAFK,cell_normal,célula mamífera normal,mamífero normal,4.0,,,-0.1,0.1,1.0,0,0,0,0,,,,,,,,,,,
P12,FFKLIPKLVKGLISAFK,cell_tumor,célula tumoral,célula tumoral,4.0,,,-0.4,0.25,1.0,0,0,0,0,,,,,,,,,,,
P12,FFKLIPKLVKGLISAFK,S_aureus_UFPEDA1040,Staphylococcus aureus UFPEDA1040,Gram+,4.0,,,-0.8,0.6,0.0,0,1,0,0,,,,2.3,uM,literature,experimental,2.3,uM,literature,experimental
P12,FFKLIPKLVKGLISAFK,S_aureus_UFPEDA1051,Staphylococcus aureus UFPEDA1051,Gram+,4.0,,,-0.8,0.6,0.0,0,1,0,0,,,,2.3,uM,literature,experimental,3.4,uM,literature,experimental
P12,FFKLIPKLVKGLISAFK,S_aureus_UFPEDA1058,Staphylococcus aureus UFPEDA1058,Gram+,4.0,,,-0.8,0.6,0.0,0,1,0,0,,,,2.3,uM,literature,experimental,2.3,uM,literature,experimental
P12,FFKLIPKLVKGLISAFK,S_aureus_UFPEDA1059,Staphylococcus aureus UFPEDA1059,Gram+,4.0,,,-0.8,0.6,0.0,0,1,0,0,,,,2.3,uM,literature,experimental,2.3,uM,literature,experimental
P12,FFKLIPKLVKGLISAFK,P_aeruginosa_UFPEDA261,Pseudomonas aeruginosa UFPEDA261,Gram-,4.0,,,-0.9,0.65,0.0,1,1,0,0,,,,3.4,uM,literature,experimental,3.4,uM,literature,experimental
P12,FFKLIPKLVKGLISAFK,P_aeruginosa_UFPEDA262,Pseudomonas aeruginosa UFPEDA262,Gram-,4.0,,,-0.9,0.65,0.0,1,1,0,0,,,,3.4,uM,literature,experimental,3.4,uM,literature,experimental
