peptide_id,sequence,name,net_charge,target_id,target,target_type,endpoint,value,unit,assay,reference,date,notes
P10,FFSLIPSLVGGLISAFK,Stigmurin,,S_aureus_ATCC29213,Staphylococcus aureus ATCC 29213,Gram+,MIC,9.4,uM,microdilution,Amorim-Carmo_2019;Parente_2018;Daniele-Silva_2016_2025,,from_docx_caracteristicas_fisico_quimicas
P10,FFSLIPSLVGGLISAFK,Stigmurin,,S_epidermidis_ATCC12228,Staphylococcus epidermidis ATCC 12228,Gram+,MIC,9.4,uM,microdilution,Amorim-Carmo_2019;Parente_2018;Daniele-Silva_2016_2025,,from_docx_caracteristicas_fisico_quimicas
P10,FFSLIPSLVGGLISAFK,Stigmurin,,E_faecalis_ATCC29212,Enterococcus faecalis ATCC 29212,Gram+,MIC,150.0,uM,microdilution,Amorim-Carmo_2019;Parente_2018;Daniele-Silva_2016_2025,,censored_gt:150
P10,FFSLIPSLVGGLISAFK,Stigmurin,,E_coli_ATCC25922,Escherichia coli ATCC 25922,Gram-,MIC,150.0,uM,microdilution,Amorim-Carmo_2019;Parente_2018;Daniele-Silva_2016_2025,,censored_gt:150
P10,FFSLIPSLVGGLISAFK,Stigmurin,,E_cloacae_ATCC13047,Enterobacter cloacae ATCC 13047,Gram-,MIC,150.0,uM,microdilution,Amorim-Carmo_2019;Parente_2018;Daniele-Silva_2016_2025,,censored_gt:150
P10,FFSLIPSLVGGLISAFK,Stigmurin,,P_aeruginosa_ATCC27853,Pseudomonas aeruginosa ATCC 27853,Gram-,MIC,150.0,uM,microdilution,Amorim-Carmo_2019;Parente_2018;Daniele-Silva_2016_2025,,censored_gt:150
P10,FFSLIPSLVGGLISAFK,Stigmurin,,C_albicans_ATCC90028,Candida albicans ATCC 90028,fungo,MIC,37.5,uM,microdilution,Amorim-Carmo_2019;Parente_2018;Daniele-Silva_2016_2025,,from_docx_caracteristicas_fisico_quimicas
P10,FFSLIPSLVGGLISAFK,Stigmurin,,C_glabrata_ATCC90030,Candida glabrata ATCC 90030,fungo,MIC,150.0,uM,microdilution,Amorim-Carmo_2019;Parente_2018;Daniele-Silva_2016_2025,,censored_gt:150
P10,FFSLIPSLVGGLISAFK,Stigmurin,,C_krusei_ATCC6258,Candida krusei ATCC 6258,fungo,MIC,150.0,uM,microdilution,Amorim-Carmo_2019;Parente_2018;Daniele-Silva_2016_2025,,censored_gt:150
P11,FFSLIPKLVKGLISAFK,StigA6,,S_aureus_ATCC29213,Staphylococcus aureus ATCC 29213,Gram+,MIC,2.34,uM,microdilution,Parente_2018,,from_docx_caracteristicas_fisico_quimicas
P11,FFSLIPKLVKGLISAFK,StigA6,,S_epidermidis_ATCC12228,Staphylococcus epidermidis ATCC 12228,Gram+,MIC,1.17,uM,microdilution,Parente_2018,,from_docx_caracteristicas_fisico_quimicas
P11,FFSLIPKLVKGLISAFK,StigA6,,E_faecalis_ATCC29212,Enterococcus faecalis ATCC 29212,Gram+,MIC,1.17,uM,microdilution,Parente_2018,,from_docx_caracteristicas_fisico_quimicas
P11,FFSLIPKLVKGLISAFK,StigA6,,E_coli_ATCC25922,Escherichia coli ATCC 25922,Gram-,MIC,4.69,uM,microdilution,Parente_2018,,from_docx_caracteristicas_fisico_quimicas
P11,FFSLIPKLVKGLISAFK,StigA6,,E_cloacae_ATCC13047,Enterobacter cloacae ATCC 13047,Gram-,MIC,18.75,uM,microdilution,Parente_2018,,from_docx_caracteristicas_fisico_quimicas
P11,FFSLIPKLVKGLISAFK,StigA6,,P_aeruginosa_ATCC27853,Pseudomonas aeruginosa ATCC 27853,Gram-,MIC,9.38,uM,microdilution,Parente_2018,,from_docx_caracteristicas_fisico_quimicas
P11,FFSLIPKLVKGLISAFK,StigA6,,C_albicans_ATCC90028,Candida albicans ATCC 90028,fungo,MIC,9.38,uM,microdilution,Parente_2018,,from_docx_caracteristicas_fisico_quimicas
P11,FFSLIPKLVKGLISAFK,StigA6,,C_glabrata_ATCC90030,Candida glabrata ATCC 90030,fungo,MIC,18.75,uM,microdilution,Parente_2018,,from_docx_caracteristicas_fisico_quimicas
P11,FFSLIPKLVKGLISAFK,StigA6,,C_krusei_ATCC6258,Candida krusei ATCC 6258,fungo,MIC,37.5,uM,microdilution,Parente_2018,,from_docx_caracteristicas_fisico_quimicas
P13,FFSLIPKLVGKLISAFK,StigA8,,S_aureus_ATCC29213,Staphylococcus aureus ATCC 29213,Gram+,MIC,2.34,uM,microdilution,Furtado_2022,,from_docx_caracteristicas_fisico_quimicas
P13,FFSLIPKLVGKLISAFK,StigA8,,S_epidermidis_ATCC12228,Staphylococcus epidermidis ATCC 12228,Gram+,MIC,1.17,uM,microdilution,Furtado_2022,,from_docx_caracteristicas_fisico_quimicas
P13,FFSLIPKLVGKLISAFK,StigA8,,E_coli_ATCC25922,Escherichia coli ATCC 25922,Gram-,MIC,2.34,uM,microdilution,Furtado_2022,,from_docx_caracteristicas_fisico_quimicas
P13,FFSLIPKLVGKLISAFK,StigA8,,P_aeruginosa_ATCC27853,Pseudomonas aeruginosa ATCC 27853,Gram-,MIC,4.68,uM,microdilution,Furtado_2022,,from_docx_caracteristicas_fisico_quimicas
P12,FFKLIPKLVKGLISAFK,StigA16,,S_aureus_ATCC29213,Staphylococcus aureus ATCC 29213,Gram+,MIC,2.34,uM,microdilution,Parente_2018,,from_docx_caracteristicas_fisico_quimicas
P12,FFKLIPKLVKGLISAFK,StigA16,,S_epidermidis_ATCC12228,Staphylococcus epidermidis ATCC 12228,Gram+,MIC,1.17,uM,microdilution,Parente_2018,,from_docx_caracteristicas_fisico_quimicas
P12,FFKLIPKLVKGLISAFK,StigA16,,E_faecalis_ATCC29212,Enterococcus faecalis ATCC 29212,Gram+,MIC,1.17,uM,microdilution,Parente_2018,,from_docx_caracteristicas_fisico_quimicas
P12,FFKLIPKLVKGLISAFK,StigA16,,E_coli_ATCC25922,Escherichia coli ATCC 25922,Gram-,MIC,2.34,uM,microdilution,Parente_2018,,from_docx_caracteristicas_fisico_quimicas
P12,FFKLIPKLVKGLISAFK,StigA16,,E_cloacae_ATCC13047,Enterobacter cloacae ATCC 13047,Gram-,MIC,9.38,uM,microdilution,Parente_2018,,from_docx_caracteristicas_fisico_quimicas
P12,FFKLIPKLVKGLISAFK,StigA16,,P_aeruginosa_ATCC27853,Pseudomonas aeruginosa ATCC 27853,Gram-,MIC,1.37,uM,microdilution,Parente_2018,,from_docx_caracteristicas_fisico_quimicas
P12,FFKLIPKLVKGLISAFK,StigA16,,C_albicans_ATCC90028,Candida albicans ATCC 90028,fungo,MIC,4.69,uM,microdilution,Parente_2018,,from_docx_caracteristicas_fisico_quimicas
P12,FFKLIPKLVKGLISAFK,StigA16,,C_glabrata_ATCC90030,Candida glabrata ATCC 90030,fungo,MIC,9.38,uM,microdilution,Parente_2018,,from_docx_caracteristicas_fisico_quimicas
P12,FFKLIPKLVKGLISAFK,StigA16,,C_krusei_ATCC6258,Candida krusei ATCC 6258,fungo,MIC,9.38,uM,microdilution,Parente_2018,,from_docx_caracteristicas_fisico_quimicas
P14,FFSLIPKLVGKLIKAFK,StigA18,,S_aureus_ATCC29213,Staphylococcus aureus ATCC 29213,Gram+,MIC,2.34,uM,microdilution,Furtado_2022,,from_docx_caracteristicas_fisico_quimicas
P14,FFSLIPKLVGKLIKAFK,StigA18,,S_epidermidis_ATCC12228,Staphylococcus epidermidis ATCC 12228,Gram+,MIC,1.17,uM,microdilution,Furtado_2022,,from_docx_caracteristicas_fisico_quimicas
P14,FFSLIPKLVGKLIKAFK,StigA18,,E_coli_ATCC25922,Escherichia coli ATCC 25922,Gram-,MIC,2.34,uM,microdilution,Furtado_2022,,from_docx_caracteristicas_fisico_quimicas
P14,FFSLIPKLVGKLIKAFK,StigA18,,P_aeruginosa_ATCC27853,Pseudomonas aeruginosa ATCC 27853,Gram-,MIC,9.37,uM,microdilution,Furtado_2022,,from_docx_caracteristicas_fisico_quimicas
P15,FFSLIPSLVKKLIKAFK,StigA25,,S_aureus_ATCC29213,Staphylococcus aureus ATCC 29213,Gram+,MIC,1.2,uM,microdilution,Amorim-Carmo_2019,,from_docx_caracteristicas_fisico_quimicas
P15,FFSLIPSLVKKLIKAFK,StigA25,,S_epidermidis_ATCC12228,Staphylococcus epidermidis ATCC 12228,Gram+,MIC,2.3,uM,microdilution,Amorim-Carmo_2019,,from_docx_caracteristicas_fisico_quimicas
P15,FFSLIPSLVKKLIKAFK,StigA25,,E_faecalis_ATCC29212,Enterococcus faecalis ATCC 29212,Gram+,MIC,4.7,uM,microdilution,Amorim-Carmo_2019,,from_docx_caracteristicas_fisico_quimicas
P15,FFSLIPSLVKKLIKAFK,StigA25,,E_coli_ATCC25922,Escherichia coli ATCC 25922,Gram-,MIC,2.3,uM,microdilution,Amorim-Carmo_2019,,from_docx_caracteristicas_fisico_quimicas
P15,FFSLIPSLVKKLIKAFK,StigA25,,E_cloacae_ATCC13047,Enterobacter cloacae ATCC 13047,Gram-,MIC,18.8,uM,microdilution,Amorim-Carmo_2019,,from_docx_caracteristicas_fisico_quimicas
P15,FFSLIPSLVKKLIKAFK,StigA25,,P_aeruginosa_ATCC27853,Pseudomonas aeruginosa ATCC 27853,Gram-,MIC,4.7,uM,microdilution,Amorim-Carmo_2019,,from_docx_caracteristicas_fisico_quimicas
P15,FFSLIPSLVKKLIKAFK,StigA25,,C_albicans_ATCC90028,Candida albicans ATCC 90028,fungo,MIC,9.4,uM,microdilution,Amorim-Carmo_2019,,from_docx_caracteristicas_fisico_quimicas
P15,FFSLIPSLVKKLIKAFK,StigA25,,C_glabrata_ATCC90030,Candida glabrata ATCC 90030,fungo,MIC,9.4,uM,microdilution,Amorim-Carmo_2019,,from_docx_caracteristicas_fisico_quimicas
P15,FFSLIPSLVKKLIKAFK,StigA25,,C_krusei_ATCC6258,Candida krusei ATCC 6258,fungo,MIC,9.4,uM,microdilution,Amorim-Carmo_2019,,from_docx_caracteristicas_fisico_quimicas
P16,FFKLIPKLVKKLIKAFK,StigA31,,S_aureus_ATCC29213,Staphylococcus aureus ATCC 29213,Gram+,MIC,2.3,uM,microdilution,Amorim-Carmo_2019,,from_docx_caracteristicas_fisico_quimicas
P16,FFKLIPKLVKKLIKAFK,StigA31,,S_epidermidis_ATCC12228,Staphylococcus epidermidis ATCC 12228,Gram+,MIC,2.3,uM,microdilution,Amorim-Carmo_2019,,from_docx_caracteristicas_fisico_quimicas
P16,FFKLIPKLVKKLIKAFK,StigA31,,E_faecalis_ATCC29212,Enterococcus faecalis ATCC 29212,Gram+,MIC,1.2,uM,microdilution,Amorim-Carmo_2019,,from_docx_caracteristicas_fisico_quimicas
P16,FFKLIPKLVKKLIKAFK,StigA31,,E_coli_ATCC25922,Escherichia coli ATCC 25922,Gram-,MIC,1.2,uM,microdilution,Amorim-Carmo_2019,,from_docx_caracteristicas_fisico_quimicas
P16,FFKLIPKLVKKLIKAFK,StigA31,,E_cloacae_ATCC13047,Enterobacter cloacae ATCC 13047,Gram-,MIC,4.7,uM,microdilution,Amorim-Carmo_2019,,from_docx_caracteristicas_fisico_quimicas
P16,FFKLIPKLVKKLIKAFK,StigA31,,P_aeruginosa_ATCC27853,Pseudomonas aeruginosa ATCC 27853,Gram-,MIC,2.3,uM,microdilution,Amorim-Carmo_2019,,from_docx_caracteristicas_fisico_quimicas
P16,FFKLIPKLVKKLIKAFK,StigA31,,C_albicans_ATCC90028,Candida albicans ATCC 90028,fungo,MIC,4.7,uM,microdilution,Amorim-Carmo_2019,,from_docx_caracteristicas_fisico_quimicas
P16,FFKLIPKLVKKLIKAFK,StigA31,,C_glabrata_ATCC90030,Candida glabrata ATCC 90030,fungo,MIC,4.7,uM,microdilution,Amorim-Carmo_2019,,from_docx_caracteristicas_fisico_quimicas
P16,FFKLIPKLVKKLIKAFK,StigA31,,C_krusei_ATCC6258,Candida krusei ATCC 6258,fungo,MIC,4.7,uM,microdilution,Amorim-Carmo_2019,,from_docx_caracteristicas_fisico_quimicas
P05,FLGMIPGLIGGLISAFK,TsAP-2,,S_aureus_ATCC29213,Staphylococcus aureus ATCC 29213,Gram+,MIC,9.98,uM,microdilution,Daniele-Silva_2016_2025;Da_Costa_2025,,from_docx_caracteristicas_fisico_quimicas
P05,FLGMIPGLIGGLISAFK,TsAP-2,,S_epidermidis_ATCC12228,Staphylococcus epidermidis ATCC 12228,Gram+,MIC,9.0,uM,microdilution,Daniele-Silva_2016_2025;Da_Costa_2025,,from_docx_caracteristicas_fisico_quimicas
P05,FLGMIPGLIGGLISAFK,TsAP-2,,E_faecalis_ATCC29212,Enterococcus faecalis ATCC 29212,Gram+,MIC,20.2,uM,microdilution,Daniele-Silva_2016_2025;Da_Costa_2025,,from_docx_caracteristicas_fisico_quimicas
P05,FLGMIPGLIGGLISAFK,TsAP-2,,E_coli_ATCC25922,Escherichia coli ATCC 25922,Gram-,MIC,160.0,uM,microdilution,Daniele-Silva_2016_2025;Da_Costa_2025,,censored_gt:160
P05,FLGMIPGLIGGLISAFK,TsAP-2,,P_aeruginosa_ATCC27853,Pseudomonas aeruginosa ATCC 27853,Gram-,MIC,160.0,uM,microdilution,Daniele-Silva_2016_2025;Da_Costa_2025,,censored_gt:160
P05,FLGMIPGLIGGLISAFK,TsAP-2,,B_cereus_ATCC11778,Bacillus cereus ATCC 11778,Gram+,MIC,18.0,uM,microdilution,Daniele-Silva_2016_2025;Da_Costa_2025,,from_docx_caracteristicas_fisico_quimicas
P05,FLGMIPGLIGGLISAFK,TsAP-2,,K_pneumoniae_ATCC23357,Klebsiella pneumoniae ATCC 23357,Gram-,MIC,160.0,uM,microdilution,Daniele-Silva_2016_2025;Da_Costa_2025,,from_docx_caracteristicas_fisico_quimicas
P05,FLGMIPGLIGGLISAFK,TsAP-2,,C_freundii_ATCC8090,Citrobacter freundii ATCC 8090,Gram-,MIC,144.25,uM,microdilution,Daniele-Silva_2016_2025;Da_Costa_2025,,from_docx_caracteristicas_fisico_quimicas
P17,FLRMIPGLIRGLIRAFR,TsAP-2-A16,,S_aureus_ATCC29213,Staphylococcus aureus ATCC 29213,Gram+,MIC,2.51,uM,microdilution,Daniele-Silva_2025;Da_Costa_2025,,from_docx_caracteristicas_fisico_quimicas
P17,FLRMIPGLIRGLIRAFR,TsAP-2-A16,,E_faecalis_ATCC29212,Enterococcus faecalis ATCC 29212,Gram+,MIC,2.51,uM,microdilution,Daniele-Silva_2025;Da_Costa_2025,,from_docx_caracteristicas_fisico_quimicas
P17,FLRMIPGLIRGLIRAFR,TsAP-2-A16,,E_coli_ATCC25922,Escherichia coli ATCC 25922,Gram-,MIC,2.51,uM,microdilution,Daniele-Silva_2025;Da_Costa_2025,,from_docx_caracteristicas_fisico_quimicas
P17,FLRMIPGLIRGLIRAFR,TsAP-2-A16,,P_aeruginosa_ATCC27853,Pseudomonas aeruginosa ATCC 27853,Gram-,MIC,2.51,uM,microdilution,Daniele-Silva_2025;Da_Costa_2025,,from_docx_caracteristicas_fisico_quimicas
P17,FLRMIPGLIRGLIRAFR,TsAP-2-A16,,K_pneumoniae_ATCC23357,Klebsiella pneumoniae ATCC 23357,Gram-,MIC,4.97,uM,microdilution,Daniele-Silva_2025;Da_Costa_2025,,from_docx_caracteristicas_fisico_quimicas
P18,FLKMIPRLIKRLISAFK,TsAP-2-A41,,S_aureus_ATCC29213,Staphylococcus aureus ATCC 29213,Gram+,MIC,2.56,uM,microdilution,Daniele-Silva_2025;Da_Costa_2025,,from_docx_caracteristicas_fisico_quimicas
P18,FLKMIPRLIKRLISAFK,TsAP-2-A41,,E_faecalis_ATCC29212,Enterococcus faecalis ATCC 29212,Gram+,MIC,5.12,uM,microdilution,Daniele-Silva_2025;Da_Costa_2025,,from_docx_caracteristicas_fisico_quimicas
P18,FLKMIPRLIKRLISAFK,TsAP-2-A41,,E_coli_ATCC25922,Escherichia coli ATCC 25922,Gram-,MIC,2.56,uM,microdilution,Daniele-Silva_2025;Da_Costa_2025,,from_docx_caracteristicas_fisico_quimicas
P18,FLKMIPRLIKRLISAFK,TsAP-2-A41,,P_aeruginosa_ATCC27853,Pseudomonas aeruginosa ATCC 27853,Gram-,MIC,5.12,uM,microdilution,Daniele-Silva_2025;Da_Costa_2025,,from_docx_caracteristicas_fisico_quimicas
P18,FLKMIPRLIKRLISAFK,TsAP-2-A41,,K_pneumoniae_ATCC23357,Klebsiella pneumoniae ATCC 23357,Gram-,MIC,10.2,uM,microdilution,Daniele-Silva_2025;Da_Costa_2025,,from_docx_caracteristicas_fisico_quimicas
P05,FLGMIPGLIGGLISAFK,TsAP-2,,S_aureus_UFPEDA1051,Staphylococcus aureus UFPEDA1051,Gram+,MIC,24.98,uM,microdilution,Daniele-Silva_2025,,clinical_isolate_from_docx
P05,FLGMIPGLIGGLISAFK,TsAP-2,,S_aureus_UFPEDA1058,Staphylococcus aureus UFPEDA1058,Gram+,MIC,24.98,uM,microdilution,Daniele-Silva_2025,,clinical_isolate_from_docx
P05,FLGMIPGLIGGLISAFK,TsAP-2,,S_aureus_UFPEDA1059,Staphylococcus aureus UFPEDA1059,Gram+,MIC,21.96,uM,microdilution,Daniele-Silva_2025,,clinical_isolate_from_docx
P17,FLRMIPGLIRGLIRAFR,TsAP-2-A16,,S_aureus_UFPEDA1059,Staphylococcus aureus UFPEDA1059,Gram+,MIC,2.51,uM,microdilution,Da_Costa_2025,,clinical_isolate_from_docx
P18,FLKMIPRLIKRLISAFK,TsAP-2-A41,,S_aureus_UFPEDA1059,Staphylococcus aureus UFPEDA1059,Gram+,MIC,2.5,uM,microdilution,Da_Costa_2025,,clinical_isolate_from_docx
P13,FFSLIPKLVGKLISAFK,StigA8,,S_aureus_UFPEDA1058,Staphylococcus aureus UFPEDA1058,Gram+,MIC,1.87,uM,microdilution,Furtado_2022,,clinical_isolate_from_docx
P14,FFSLIPKLVGKLIKAFK,StigA18,,S_aureus_UFPEDA1058,Staphylococcus aureus UFPEDA1058,Gram+,MIC,1.87,uM,microdilution,Furtado_2022,,clinical_isolate_from_docx
P10,FFSLIPSLVGGLISAFK,Stigmurin,3.0,RBC_human,Hemácias humanas (eritócitos),mamífero (hemólise),HEMOLYSIS,5.8,percent,hemolysis_150uM,Amorim-Carmo_2019,,hemolysis_%_at_150uM
P11,FFSLIPKLVKGLISAFK,StigA6,3.0,RBC_human,Hemácias humanas (eritócitos),mamífero (hemólise),HEMOLYSIS,30.0,percent,hemolysis_75uM,Parente_2018,,hemolysis_%_at_75uM_1h
P12,FFKLIPKLVKGLISAFK,StigA16,4.0,RBC_human,Hemácias humanas (eritócitos),mamífero (hemólise),HEMOLYSIS,30.0,percent,hemolysis_75uM,Parente_2018,,hemolysis_%_at_75uM_1h
P15,FFSLIPSLVKKLIKAFK,StigA25,5.0,RBC_human,Hemácias humanas (eritócitos),mamífero (hemólise),HEMOLYSIS,18.5,percent,hemolysis_9.4uM,Amorim-Carmo_2019,,hemolysis_%_at_9.4uM
P16,FFKLIPKLVKKLIKAFK,StigA31,7.0,RBC_human,Hemácias humanas (eritócitos),mamífero (hemólise),HEMOLYSIS,11.2,percent,hemolysis_9.4uM,Amorim-Carmo_2019,,hemolysis_%_at_9.4uM
